Machado,Drosophila simulans,44,I,North America,USA,Pennsylvania,Linvilla,39.88,-75.41,2011,Aug,01,SAMN03452878,SRR2859090,Machado:Linvilla:Pennsylvania:North America:Aug:01:2011:A_1_1
Machado,Drosophila simulans,50,I,North America,USA,Pennsylvania,Linvilla,39.88,-75.41,2011,Sep,01,SAMN03452832,SRR2859091,Machado:Linvilla:Pennsylvania:North America:Sep:01:2011:A_10_1
Machado,Drosophila simulans,44,I,North America,USA,Pennsylvania,Linvilla,39.88,-75.41,2011,Aug,01,SAMN03452883,SRR2859092,Machado:Linvilla:Pennsylvania:North America:Aug:01:2011:A_11_1
Machado,Drosophila simulans,50,I,North America,USA,Pennsylvania,Linvilla,39.88,-75.41,2011,Sep,01,SAMN03452833,SRR2859093,Machado:Linvilla:Pennsylvania:North America:Sep:01:2011:A_12_1
Machado,Drosophila simulans,44,I,North America,USA,Pennsylvania,Linvilla,39.88,-75.41,2011,Aug,01,SAMN03452884,SRR2859094,Machado:Linvilla:Pennsylvania:North America:Aug:01:2011:A_13_1
Machado,Drosophila simulans,50,I,North America,USA,Pennsylvania,Linvilla,39.88,-75.41,2011,Sep,01,SAMN03452834,SRR2859095,Machado:Linvilla:Pennsylvania:North America:Sep:01:2011:A_14_1
Machado,Drosophila simulans,44,I,North America,USA,Pennsylvania,Linvilla,39.88,-75.41,2011,Aug,01,SAMN03452885,SRR2859096,Machado:Linvilla:Pennsylvania:North America:Aug:01:2011:A_15_1
Machado,Drosophila simulans,50,I,North America,USA,Pennsylvania,Linvilla,39.88,-75.41,2011,Sep,01,SAMN03452835,SRR2859097,Machado:Linvilla:Pennsylvania:North America:Sep:01:2011:A_16_1
Machado,Drosophila simulans,44,I,North America,USA,Pennsylvania,Linvilla,39.88,-75.41,2011,Aug,01,SAMN03452886,SRR2859098,Machado:Linvilla:Pennsylvania:North America:Aug:01:2011:A_17_1
Machado,Drosophila simulans,50,I,North America,USA,Pennsylvania,Linvilla,39.88,-75.41,2011,Sep,01,SAMN03452836,SRR2859099,Machado:Linvilla:Pennsylvania:North America:Sep:01:2011:A_18_1
Machado,Drosophila simulans,50,I,North America,USA,Virginia,Charlottesville,38,-78.47,2010,Sep,01,SAMN03452922,SRR2859100,Machado:Charlottesville:Virginia:North America:Sep:01:2010:A_19_1
Machado,Drosophila simulans,50,I,North America,USA,Pennsylvania,Linvilla,39.88,-75.41,2011,Sep,01,SAMN03452828,SRR2859101,Machado:Linvilla:Pennsylvania:North America:Sep:01:2011:A_2_1
Machado,Drosophila simulans,50,I,North America,USA,Pennsylvania,Linvilla,39.88,-75.41,2011,Sep,01,SAMN03452837,SRR2859102,Machado:Linvilla:Pennsylvania:North America:Sep:01:2011:A_20_1
Machado,Drosophila simulans,50,I,North America,USA,Virginia,Charlottesville,38,-78.47,2010,Sep,01,SAMN03452923,SRR2859103,Machado:Charlottesville:Virginia:North America:Sep:01:2010:A_21_1
Machado,Drosophila simulans,50,I,North America,USA,Pennsylvania,Linvilla,39.88,-75.41,2011,Sep,01,SAMN03452838,SRR2859104,Machado:Linvilla:Pennsylvania:North America:Sep:01:2011:A_22_1
Machado,Drosophila simulans,50,I,North America,USA,Virginia,Charlottesville,38,-78.47,2010,Sep,01,SAMN03452924,SRR2859105,Machado:Charlottesville:Virginia:North America:Sep:01:2010:A_23_1
Machado,Drosophila simulans,50,I,North America,USA,Pennsylvania,Linvilla,39.88,-75.41,2011,Sep,01,SAMN03452839,SRR2859106,Machado:Linvilla:Pennsylvania:North America:Sep:01:2011:A_24_1
Machado,Drosophila simulans,44,I,North America,USA,Pennsylvania,Linvilla,39.88,-75.41,2011,Aug,01,SAMN03452879,SRR2859107,Machado:Linvilla:Pennsylvania:North America:Aug:01:2011:A_3_1
Machado,Drosophila simulans,50,I,North America,USA,Pennsylvania,Linvilla,39.88,-75.41,2011,Sep,01,SAMN03452829,SRR2859108,Machado:Linvilla:Pennsylvania:North America:Sep:01:2011:A_4_1
Machado,Drosophila simulans,44,I,North America,USA,Pennsylvania,Linvilla,39.88,-75.41,2011,Aug,01,SAMN03452880,SRR2859109,Machado:Linvilla:Pennsylvania:North America:Aug:01:2011:A_5_1
Machado,Drosophila simulans,50,I,North America,USA,Pennsylvania,Linvilla,39.88,-75.41,2011,Sep,01,SAMN03452830,SRR2859110,Machado:Linvilla:Pennsylvania:North America:Sep:01:2011:A_6_1
Machado,Drosophila simulans,44,I,North America,USA,Pennsylvania,Linvilla,39.88,-75.41,2011,Aug,01,SAMN03452881,SRR2859111,Machado:Linvilla:Pennsylvania:North America:Aug:01:2011:A_7_1
Machado,Drosophila simulans,50,I,North America,USA,Pennsylvania,Linvilla,39.88,-75.41,2011,Sep,01,SAMN03452831,SRR2859112,Machado:Linvilla:Pennsylvania:North America:Sep:01:2011:A_8_1
Machado,Drosophila simulans,44,I,North America,USA,Pennsylvania,Linvilla,39.88,-75.41,2011,Aug,01,SAMN03452882,SRR2859113,Machado:Linvilla:Pennsylvania:North America:Aug:01:2011:A_9_1
Machado,Drosophila simulans,38,I,North America,USA,Maine,Bowdoin,44,-69.96,2011,Oct,01,SAMN03452749,SRR2859114,Machado:Bowdoin:Maine:North America:Oct:01:2011:B_1_1
Machado,Drosophila simulans,38,I,North America,USA,Maine,Bowdoin,44,-69.96,2011,Oct,01,SAMN03452754,SRR2859115,Machado:Bowdoin:Maine:North America:Oct:01:2011:B_11_1
Machado,Drosophila simulans,38,I,North America,USA,Maine,Bowdoin,44,-69.96,2011,Oct,01,SAMN03452755,SRR2859116,Machado:Bowdoin:Maine:North America:Oct:01:2011:B_13_1
Machado,Drosophila simulans,38,I,North America,USA,Maine,Bowdoin,44,-69.96,2011,Oct,01,SAMN03452756,SRR2859117,Machado:Bowdoin:Maine:North America:Oct:01:2011:B_15_1
Machado,Drosophila simulans,38,I,North America,USA,Maine,Bowdoin,44,-69.96,2011,Oct,01,SAMN03452757,SRR2859118,Machado:Bowdoin:Maine:North America:Oct:01:2011:B_17_1
Machado,Drosophila simulans,38,I,North America,USA,Maine,Bowdoin,44,-69.96,2011,Oct,01,SAMN03452758,SRR2859119,Machado:Bowdoin:Maine:North America:Oct:01:2011:B_19_1
Machado,Drosophila simulans,38,I,North America,USA,Maine,Bowdoin,44,-69.96,2011,Oct,01,SAMN03452759,SRR2859120,Machado:Bowdoin:Maine:North America:Oct:01:2011:B_21_1
Machado,Drosophila simulans,38,I,North America,USA,Maine,Bowdoin,44,-69.96,2011,Oct,01,SAMN03452760,SRR2859121,Machado:Bowdoin:Maine:North America:Oct:01:2011:B_23_1
Machado,Drosophila simulans,38,I,North America,USA,Maine,Bowdoin,44,-69.96,2011,Oct,01,SAMN03452750,SRR2859122,Machado:Bowdoin:Maine:North America:Oct:01:2011:B_3_1
Machado,Drosophila simulans,38,I,North America,USA,Maine,Bowdoin,44,-69.96,2011,Oct,01,SAMN03452751,SRR2859123,Machado:Bowdoin:Maine:North America:Oct:01:2011:B_5_1
Machado,Drosophila simulans,38,I,North America,USA,Maine,Bowdoin,44,-69.96,2011,Oct,01,SAMN03452752,SRR2859124,Machado:Bowdoin:Maine:North America:Oct:01:2011:B_7_1
Machado,Drosophila simulans,38,I,North America,USA,Maine,Bowdoin,44,-69.96,2011,Oct,01,SAMN03452753,SRR2859125,Machado:Bowdoin:Maine:North America:Oct:01:2011:B_9_1
Machado,Drosophila simulans,50,I,North America,USA,Virginia,Charlottesville,38,-78.47,2010,Sep,01,SAMN03452925,SRR2859126,Machado:Charlottesville:Virginia:North America:Sep:01:2010:C_1_1
Machado,Drosophila simulans,50,I,North America,USA,Virginia,Charlottesville,38,-78.47,2010,Sep,01,SAMN03452930,SRR2859128,Machado:Charlottesville:Virginia:North America:Sep:01:2010:C_11_1
Machado,Drosophila simulans,50,I,North America,USA,Pennsylvania,Linvilla,39.88,-75.41,2011,Sep,01,SAMN03452844,SRR2859129,Machado:Linvilla:Pennsylvania:North America:Sep:01:2011:C_12_1
Machado,Drosophila simulans,50,I,North America,USA,Virginia,Charlottesville,38,-78.47,2010,Sep,01,SAMN03452931,SRR2859130,Machado:Charlottesville:Virginia:North America:Sep:01:2010:C_13_1
Machado,Drosophila simulans,50,I,North America,USA,Virginia,Charlottesville,38,-78.47,2010,Sep,01,SAMN03452932,SRR2859132,Machado:Charlottesville:Virginia:North America:Sep:01:2010:C_15_1
Machado,Drosophila simulans,50,I,North America,USA,Pennsylvania,Linvilla,39.88,-75.41,2011,Sep,01,SAMN03452846,SRR2859133,Machado:Linvilla:Pennsylvania:North America:Sep:01:2011:C_16_1
Machado,Drosophila simulans,50,I,North America,USA,Virginia,Charlottesville,38,-78.47,2010,Sep,01,SAMN03452933,SRR2859134,Machado:Charlottesville:Virginia:North America:Sep:01:2010:C_17_1
Machado,Drosophila simulans,50,I,North America,USA,Pennsylvania,Linvilla,39.88,-75.41,2011,Sep,01,SAMN03452847,SRR2859135,Machado:Linvilla:Pennsylvania:North America:Sep:01:2011:C_18_1
Machado,Drosophila simulans,50,I,North America,USA,Virginia,Charlottesville,38,-78.47,2010,Sep,01,SAMN03452934,SRR2859136,Machado:Charlottesville:Virginia:North America:Sep:01:2010:C_19_1
Machado,Drosophila simulans,50,I,North America,USA,Pennsylvania,Linvilla,39.88,-75.41,2011,Sep,01,SAMN03452840,SRR2859137,Machado:Linvilla:Pennsylvania:North America:Sep:01:2011:C_2_1
Machado,Drosophila simulans,50,I,North America,USA,Pennsylvania,Linvilla,39.88,-75.41,2011,Sep,01,SAMN03452848,SRR2859138,Machado:Linvilla:Pennsylvania:North America:Sep:01:2011:C_20_1
Machado,Drosophila simulans,50,I,North America,USA,Virginia,Charlottesville,38,-78.47,2010,Sep,01,SAMN03452935,SRR2859139,Machado:Charlottesville:Virginia:North America:Sep:01:2010:C_21_1
Machado,Drosophila simulans,50,I,North America,USA,Pennsylvania,Linvilla,39.88,-75.41,2011,Sep,01,SAMN03452849,SRR2859140,Machado:Linvilla:Pennsylvania:North America:Sep:01:2011:C_22_1
Machado,Drosophila simulans,50,I,North America,USA,Virginia,Charlottesville,38,-78.47,2010,Sep,01,SAMN03452936,SRR2859141,Machado:Charlottesville:Virginia:North America:Sep:01:2010:C_23_1
Machado,Drosophila simulans,50,I,North America,USA,Pennsylvania,Linvilla,39.88,-75.41,2011,Sep,01,SAMN03452850,SRR2859142,Machado:Linvilla:Pennsylvania:North America:Sep:01:2011:C_24_1
Machado,Drosophila simulans,50,I,North America,USA,Virginia,Charlottesville,38,-78.47,2010,Sep,01,SAMN03452926,SRR2859143,Machado:Charlottesville:Virginia:North America:Sep:01:2010:C_3_1
Machado,Drosophila simulans,50,I,North America,USA,Virginia,Charlottesville,38,-78.47,2010,Sep,01,SAMN03452927,SRR2859144,Machado:Charlottesville:Virginia:North America:Sep:01:2010:C_5_1
Machado,Drosophila simulans,50,I,North America,USA,Pennsylvania,Linvilla,39.88,-75.41,2011,Sep,01,SAMN03452841,SRR2859145,Machado:Linvilla:Pennsylvania:North America:Sep:01:2011:C_6_1
Machado,Drosophila simulans,50,I,North America,USA,Virginia,Charlottesville,38,-78.47,2010,Sep,01,SAMN03452928,SRR2859146,Machado:Charlottesville:Virginia:North America:Sep:01:2010:C_7_1
Machado,Drosophila simulans,50,I,North America,USA,Pennsylvania,Linvilla,39.88,-75.41,2011,Sep,01,SAMN03452842,SRR2859147,Machado:Linvilla:Pennsylvania:North America:Sep:01:2011:C_8_1
Machado,Drosophila simulans,50,I,North America,USA,Virginia,Charlottesville,38,-78.47,2010,Sep,01,SAMN03452929,SRR2859148,Machado:Charlottesville:Virginia:North America:Sep:01:2010:C_9_1
Machado,Drosophila simulans,38,I,North America,USA,Maine,Bowdoin,44,-69.96,2011,Oct,01,SAMN03452761,SRR2859149,Machado:Bowdoin:Maine:North America:Oct:01:2011:D_1_1
Machado,Drosophila simulans,38,I,North America,USA,Maine,Bowdoin,44,-69.96,2011,Oct,01,SAMN03452766,SRR2859150,Machado:Bowdoin:Maine:North America:Oct:01:2011:D_11_1
Machado,Drosophila simulans,38,I,North America,USA,Maine,Bowdoin,44,-69.96,2011,Oct,01,SAMN03452767,SRR2859151,Machado:Bowdoin:Maine:North America:Oct:01:2011:D_13_1
Machado,Drosophila simulans,38,I,North America,USA,Maine,Bowdoin,44,-69.96,2011,Oct,01,SAMN03452768,SRR2859152,Machado:Bowdoin:Maine:North America:Oct:01:2011:D_17_1
Machado,Drosophila simulans,38,I,North America,USA,Maine,Bowdoin,44,-69.96,2011,Oct,01,SAMN03452769,SRR2859153,Machado:Bowdoin:Maine:North America:Oct:01:2011:D_19_1
Machado,Drosophila simulans,38,I,North America,USA,Maine,Bowdoin,44,-69.96,2011,Oct,01,SAMN03452770,SRR2859154,Machado:Bowdoin:Maine:North America:Oct:01:2011:D_21_1
Machado,Drosophila simulans,38,I,North America,USA,Maine,Bowdoin,44,-69.96,2011,Oct,01,SAMN03452771,SRR2859155,Machado:Bowdoin:Maine:North America:Oct:01:2011:D_23_1
Machado,Drosophila simulans,38,I,North America,USA,Maine,Bowdoin,44,-69.96,2011,Oct,01,SAMN03452762,SRR2859156,Machado:Bowdoin:Maine:North America:Oct:01:2011:D_3_1
Machado,Drosophila simulans,38,I,North America,USA,Maine,Bowdoin,44,-69.96,2011,Oct,01,SAMN03452763,SRR2859157,Machado:Bowdoin:Maine:North America:Oct:01:2011:D_5_1
Machado,Drosophila simulans,38,I,North America,USA,Maine,Bowdoin,44,-69.96,2011,Oct,01,SAMN03452764,SRR2859158,Machado:Bowdoin:Maine:North America:Oct:01:2011:D_7_1
Machado,Drosophila simulans,38,I,North America,USA,Maine,Bowdoin,44,-69.96,2011,Oct,01,SAMN03452765,SRR2859159,Machado:Bowdoin:Maine:North America:Oct:01:2011:D_9_1
Machado,Drosophila simulans,50,I,North America,USA,Virginia,Charlottesville,38,-78.47,2010,Sep,01,SAMN03452937,SRR2859160,Machado:Charlottesville:Virginia:North America:Sep:01:2010:E_1_1
Machado,Drosophila simulans,50,I,North America,USA,Pennsylvania,Linvilla,39.88,-75.41,2011,Sep,01,SAMN03452855,SRR2859161,Machado:Linvilla:Pennsylvania:North America:Sep:01:2011:E_10_1
Machado,Drosophila simulans,50,I,North America,USA,Virginia,Charlottesville,38,-78.47,2010,Sep,01,SAMN03452941,SRR2859162,Machado:Charlottesville:Virginia:North America:Sep:01:2010:E_11_1
Machado,Drosophila simulans,50,I,North America,USA,Pennsylvania,Linvilla,39.88,-75.41,2011,Sep,01,SAMN03452856,SRR2859163,Machado:Linvilla:Pennsylvania:North America:Sep:01:2011:E_12_1
Machado,Drosophila simulans,50,I,North America,USA,Virginia,Charlottesville,38,-78.47,2010,Sep,01,SAMN03452942,SRR2859164,Machado:Charlottesville:Virginia:North America:Sep:01:2010:E_13_1
Machado,Drosophila simulans,50,I,North America,USA,Pennsylvania,Linvilla,39.88,-75.41,2011,Sep,01,SAMN03452857,SRR2859165,Machado:Linvilla:Pennsylvania:North America:Sep:01:2011:E_14_1
Machado,Drosophila simulans,50,I,North America,USA,Virginia,Charlottesville,38,-78.47,2010,Sep,01,SAMN03452943,SRR2859166,Machado:Charlottesville:Virginia:North America:Sep:01:2010:E_15_1
Machado,Drosophila simulans,50,I,North America,USA,Pennsylvania,Linvilla,39.88,-75.41,2011,Sep,01,SAMN03452858,SRR2859167,Machado:Linvilla:Pennsylvania:North America:Sep:01:2011:E_16_1
Machado,Drosophila simulans,50,I,North America,USA,Virginia,Charlottesville,38,-78.47,2010,Sep,01,SAMN03452944,SRR2859168,Machado:Charlottesville:Virginia:North America:Sep:01:2010:E_17_1
Machado,Drosophila simulans,50,I,North America,USA,Pennsylvania,Linvilla,39.88,-75.41,2011,Sep,01,SAMN03452851,SRR2859170,Machado:Linvilla:Pennsylvania:North America:Sep:01:2011:E_2_1
Machado,Drosophila simulans,50,I,North America,USA,Pennsylvania,Linvilla,39.88,-75.41,2011,Sep,01,SAMN03452860,SRR2859171,Machado:Linvilla:Pennsylvania:North America:Sep:01:2011:E_20_1
Machado,Drosophila simulans,50,I,North America,USA,Virginia,Charlottesville,38,-78.47,2010,Sep,01,SAMN03452946,SRR2859172,Machado:Charlottesville:Virginia:North America:Sep:01:2010:E_21_1
Machado,Drosophila simulans,50,I,North America,USA,Pennsylvania,Linvilla,39.88,-75.41,2011,Sep,01,SAMN03452861,SRR2859173,Machado:Linvilla:Pennsylvania:North America:Sep:01:2011:E_22_1
Machado,Drosophila simulans,50,I,North America,USA,Virginia,Charlottesville,38,-78.47,2010,Sep,01,SAMN03452947,SRR2859174,Machado:Charlottesville:Virginia:North America:Sep:01:2010:E_23_1
Machado,Drosophila simulans,50,I,North America,USA,Pennsylvania,Linvilla,39.88,-75.41,2011,Sep,01,SAMN03452862,SRR2859175,Machado:Linvilla:Pennsylvania:North America:Sep:01:2011:E_24_1
Machado,Drosophila simulans,50,I,North America,USA,Pennsylvania,Linvilla,39.88,-75.41,2011,Sep,01,SAMN03452852,SRR2859177,Machado:Linvilla:Pennsylvania:North America:Sep:01:2011:E_4_1
Machado,Drosophila simulans,50,I,North America,USA,Pennsylvania,Linvilla,39.88,-75.41,2011,Sep,01,SAMN03452853,SRR2859178,Machado:Linvilla:Pennsylvania:North America:Sep:01:2011:E_6_1
Machado,Drosophila simulans,50,I,North America,USA,Virginia,Charlottesville,38,-78.47,2010,Sep,01,SAMN03452939,SRR2859179,Machado:Charlottesville:Virginia:North America:Sep:01:2010:E_7_1
Machado,Drosophila simulans,50,I,North America,USA,Pennsylvania,Linvilla,39.88,-75.41,2011,Sep,01,SAMN03452854,SRR2859180,Machado:Linvilla:Pennsylvania:North America:Sep:01:2011:E_8_1
Machado,Drosophila simulans,50,I,North America,USA,Virginia,Charlottesville,38,-78.47,2010,Sep,01,SAMN03452940,SRR2859181,Machado:Charlottesville:Virginia:North America:Sep:01:2010:E_9_1
Machado,Drosophila simulans,38,I,North America,USA,Maine,Bowdoin,44,-69.96,2011,Oct,01,SAMN03452772,SRR2859182,Machado:Bowdoin:Maine:North America:Oct:01:2011:F_1_1
Machado,Drosophila simulans,38,I,North America,USA,Maine,Bowdoin,44,-69.96,2011,Oct,01,SAMN03452777,SRR2859183,Machado:Bowdoin:Maine:North America:Oct:01:2011:F_13_1
Machado,Drosophila simulans,38,I,North America,USA,Maine,Bowdoin,44,-69.96,2011,Oct,01,SAMN03452778,SRR2859184,Machado:Bowdoin:Maine:North America:Oct:01:2011:F_15_1
Machado,Drosophila simulans,38,I,North America,USA,Maine,Bowdoin,44,-69.96,2011,Oct,01,SAMN03452779,SRR2859185,Machado:Bowdoin:Maine:North America:Oct:01:2011:F_17_1
Machado,Drosophila simulans,38,I,North America,USA,Maine,Bowdoin,44,-69.96,2011,Oct,01,SAMN03452781,SRR2859187,Machado:Bowdoin:Maine:North America:Oct:01:2011:F_21_1
Machado,Drosophila simulans,38,I,North America,USA,Maine,Bowdoin,44,-69.96,2011,Oct,01,SAMN03452782,SRR2859188,Machado:Bowdoin:Maine:North America:Oct:01:2011:F_23_1
Machado,Drosophila simulans,38,I,North America,USA,Maine,Bowdoin,44,-69.96,2011,Oct,01,SAMN03452773,SRR2859189,Machado:Bowdoin:Maine:North America:Oct:01:2011:F_3_1
Machado,Drosophila simulans,38,I,North America,USA,Maine,Bowdoin,44,-69.96,2011,Oct,01,SAMN03452774,SRR2859190,Machado:Bowdoin:Maine:North America:Oct:01:2011:F_5_1
Machado,Drosophila simulans,38,I,North America,USA,Maine,Bowdoin,44,-69.96,2011,Oct,01,SAMN03452775,SRR2859191,Machado:Bowdoin:Maine:North America:Oct:01:2011:F_7_1
Machado,Drosophila simulans,38,I,North America,USA,Maine,Bowdoin,44,-69.96,2011,Oct,01,SAMN03452776,SRR2859192,Machado:Bowdoin:Maine:North America:Oct:01:2011:F_9_1
Machado,Drosophila simulans,50,I,North America,USA,Virginia,Charlottesville,38,-78.47,2010,Sep,01,SAMN03452948,SRR2859193,Machado:Charlottesville:Virginia:North America:Sep:01:2010:G_1_1
Machado,Drosophila simulans,50,I,North America,USA,Pennsylvania,Linvilla,39.88,-75.41,2011,Sep,01,SAMN03452867,SRR2859194,Machado:Linvilla:Pennsylvania:North America:Sep:01:2011:G_10_1
Machado,Drosophila simulans,50,I,North America,USA,Virginia,Charlottesville,38,-78.47,2010,Sep,01,SAMN03452953,SRR2859195,Machado:Charlottesville:Virginia:North America:Sep:01:2010:G_11_1
Machado,Drosophila simulans,50,I,North America,USA,Virginia,Charlottesville,38,-78.47,2010,Sep,01,SAMN03452954,SRR2859197,Machado:Charlottesville:Virginia:North America:Sep:01:2010:G_13_1
Machado,Drosophila simulans,50,I,North America,USA,Pennsylvania,Linvilla,39.88,-75.41,2011,Sep,01,SAMN03452869,SRR2859198,Machado:Linvilla:Pennsylvania:North America:Sep:01:2011:G_14_1
Machado,Drosophila simulans,50,I,North America,USA,Virginia,Charlottesville,38,-78.47,2010,Sep,01,SAMN03452955,SRR2859199,Machado:Charlottesville:Virginia:North America:Sep:01:2010:G_15_1
Machado,Drosophila simulans,50,I,North America,USA,Pennsylvania,Linvilla,39.88,-75.41,2011,Sep,01,SAMN03452870,SRR2859200,Machado:Linvilla:Pennsylvania:North America:Sep:01:2011:G_16_1
Machado,Drosophila simulans,50,I,North America,USA,Virginia,Charlottesville,38,-78.47,2010,Sep,01,SAMN03452956,SRR2859201,Machado:Charlottesville:Virginia:North America:Sep:01:2010:G_17_1
Machado,Drosophila simulans,50,I,North America,USA,Pennsylvania,Linvilla,39.88,-75.41,2011,Sep,01,SAMN03452871,SRR2859202,Machado:Linvilla:Pennsylvania:North America:Sep:01:2011:G_18_1
Machado,Drosophila simulans,50,I,North America,USA,Virginia,Charlottesville,38,-78.47,2010,Sep,01,SAMN03452957,SRR2859203,Machado:Charlottesville:Virginia:North America:Sep:01:2010:G_19_1
Machado,Drosophila simulans,50,I,North America,USA,Pennsylvania,Linvilla,39.88,-75.41,2011,Sep,01,SAMN03452863,SRR2859204,Machado:Linvilla:Pennsylvania:North America:Sep:01:2011:G_2_1
Machado,Drosophila simulans,50,I,North America,USA,Pennsylvania,Linvilla,39.88,-75.41,2011,Sep,01,SAMN03452872,SRR2859205,Machado:Linvilla:Pennsylvania:North America:Sep:01:2011:G_20_1
Machado,Drosophila simulans,50,I,North America,USA,Virginia,Charlottesville,38,-78.47,2010,Sep,01,SAMN03452958,SRR2859206,Machado:Charlottesville:Virginia:North America:Sep:01:2010:G_21_1
Machado,Drosophila simulans,50,I,North America,USA,Pennsylvania,Linvilla,39.88,-75.41,2011,Sep,01,SAMN03452873,SRR2859207,Machado:Linvilla:Pennsylvania:North America:Sep:01:2011:G_22_1
Machado,Drosophila simulans,50,I,North America,USA,Virginia,Charlottesville,38,-78.47,2010,Sep,01,SAMN03452959,SRR2859208,Machado:Charlottesville:Virginia:North America:Sep:01:2010:G_23_1
Machado,Drosophila simulans,50,I,North America,USA,Pennsylvania,Linvilla,39.88,-75.41,2011,Sep,01,SAMN03452874,SRR2859209,Machado:Linvilla:Pennsylvania:North America:Sep:01:2011:G_24_1
Machado,Drosophila simulans,50,I,North America,USA,Pennsylvania,Linvilla,39.88,-75.41,2011,Sep,01,SAMN03452864,SRR2859211,Machado:Linvilla:Pennsylvania:North America:Sep:01:2011:G_4_1
Machado,Drosophila simulans,50,I,North America,USA,Virginia,Charlottesville,38,-78.47,2010,Sep,01,SAMN03452950,SRR2859212,Machado:Charlottesville:Virginia:North America:Sep:01:2010:G_5_1
Machado,Drosophila simulans,50,I,North America,USA,Pennsylvania,Linvilla,39.88,-75.41,2011,Sep,01,SAMN03452865,SRR2859213,Machado:Linvilla:Pennsylvania:North America:Sep:01:2011:G_6_1
Machado,Drosophila simulans,50,I,North America,USA,Virginia,Charlottesville,38,-78.47,2010,Sep,01,SAMN03452951,SRR2859214,Machado:Charlottesville:Virginia:North America:Sep:01:2010:G_7_1
Machado,Drosophila simulans,50,I,North America,USA,Pennsylvania,Linvilla,39.88,-75.41,2011,Sep,01,SAMN03452866,SRR2859215,Machado:Linvilla:Pennsylvania:North America:Sep:01:2011:G_8_1
Machado,Drosophila simulans,50,I,North America,USA,Virginia,Charlottesville,38,-78.47,2010,Sep,01,SAMN03452952,SRR2859216,Machado:Charlottesville:Virginia:North America:Sep:01:2010:G_9_1
Machado,Drosophila simulans,38,I,North America,USA,Maine,Bowdoin,44,-69.96,2011,Oct,01,SAMN03452783,SRR2859217,Machado:Bowdoin:Maine:North America:Oct:01:2011:H_1_1
Machado,Drosophila simulans,44,I,North America,USA,Florida,Homestead,25.5,-80.477,2011,May,01,SAMN03452973,SRR2859218,Machado:Homestead:Florida:North America:May:01:2011:H_11_1
Machado,Drosophila simulans,44,I,North America,USA,Florida,Homestead,25.5,-80.477,2011,May,01,SAMN03452974,SRR2859219,Machado:Homestead:Florida:North America:May:01:2011:H_13_1
Machado,Drosophila simulans,44,I,North America,USA,Florida,Homestead,25.5,-80.477,2011,May,01,SAMN03452975,SRR2859220,Machado:Homestead:Florida:North America:May:01:2011:H_15_1
Machado,Drosophila simulans,44,I,North America,USA,Florida,Homestead,25.5,-80.477,2011,May,01,SAMN03452976,SRR2859221,Machado:Homestead:Florida:North America:May:01:2011:H_17_1
Machado,Drosophila simulans,44,I,North America,USA,Florida,Homestead,25.5,-80.477,2011,May,01,SAMN03452977,SRR2859222,Machado:Homestead:Florida:North America:May:01:2011:H_19_1
Machado,Drosophila simulans,44,I,North America,USA,Florida,Homestead,25.5,-80.477,2011,May,01,SAMN03452978,SRR2859223,Machado:Homestead:Florida:North America:May:01:2011:H_21_1
Machado,Drosophila simulans,44,I,North America,USA,Florida,Homestead,25.5,-80.477,2011,May,01,SAMN03452979,SRR2859224,Machado:Homestead:Florida:North America:May:01:2011:H_23_1
Machado,Drosophila simulans,38,I,North America,USA,Maine,Bowdoin,44,-69.96,2011,Oct,01,SAMN03452784,SRR2859225,Machado:Bowdoin:Maine:North America:Oct:01:2011:H_3_1
Machado,Drosophila simulans,38,I,North America,USA,Maine,Bowdoin,44,-69.96,2011,Oct,01,SAMN03452785,SRR2859226,Machado:Bowdoin:Maine:North America:Oct:01:2011:H_5_1
Machado,Drosophila simulans,38,I,North America,USA,Maine,Bowdoin,44,-69.96,2011,Oct,01,SAMN03452786,SRR2859227,Machado:Bowdoin:Maine:North America:Oct:01:2011:H_7_1
Machado,Drosophila simulans,44,I,North America,USA,Florida,Homestead,25.5,-80.477,2011,May,01,SAMN03452972,SRR2859228,Machado:Homestead:Florida:North America:May:01:2011:H_9_1
Machado,Drosophila simulans,50,I,North America,USA,Virginia,Charlottesville,38,-78.47,2010,Sep,01,SAMN03452960,SRR2859229,Machado:Charlottesville:Virginia:North America:Sep:01:2010:I_1_1
Machado,Drosophila simulans,41,I,North America,USA,Pennsylvania,Linvilla,39.88,-75.41,2011,Nov,01,SAMN03452791,SRR2859230,Machado:Linvilla:Pennsylvania:North America:Nov:01:2011:I_10_1
Machado,Drosophila simulans,50,I,North America,USA,Virginia,Charlottesville,38,-78.47,2010,Sep,01,SAMN03452965,SRR2859231,Machado:Charlottesville:Virginia:North America:Sep:01:2010:I_11_1
Machado,Drosophila simulans,41,I,North America,USA,Pennsylvania,Linvilla,39.88,-75.41,2011,Nov,01,SAMN03452792,SRR2859232,Machado:Linvilla:Pennsylvania:North America:Nov:01:2011:I_12_1
Machado,Drosophila simulans,50,I,North America,USA,Virginia,Charlottesville,38,-78.47,2010,Sep,01,SAMN03452966,SRR2859233,Machado:Charlottesville:Virginia:North America:Sep:01:2010:I_13_1
Machado,Drosophila simulans,41,I,North America,USA,Pennsylvania,Linvilla,39.88,-75.41,2011,Nov,01,SAMN03452793,SRR2859234,Machado:Linvilla:Pennsylvania:North America:Nov:01:2011:I_14_1
Machado,Drosophila simulans,50,I,North America,USA,Virginia,Charlottesville,38,-78.47,2010,Sep,01,SAMN03452967,SRR2859235,Machado:Charlottesville:Virginia:North America:Sep:01:2010:I_15_1
Machado,Drosophila simulans,41,I,North America,USA,Pennsylvania,Linvilla,39.88,-75.41,2011,Nov,01,SAMN03452794,SRR2859236,Machado:Linvilla:Pennsylvania:North America:Nov:01:2011:I_16_1
Machado,Drosophila simulans,50,I,North America,USA,Virginia,Charlottesville,38,-78.47,2010,Sep,01,SAMN03452968,SRR2859237,Machado:Charlottesville:Virginia:North America:Sep:01:2010:I_17_1
Machado,Drosophila simulans,50,I,North America,USA,Virginia,Charlottesville,38,-78.47,2010,Sep,01,SAMN03452969,SRR2859238,Machado:Charlottesville:Virginia:North America:Sep:01:2010:I_19_1
Machado,Drosophila simulans,41,I,North America,USA,Pennsylvania,Linvilla,39.88,-75.41,2011,Nov,01,SAMN03452787,SRR2859239,Machado:Linvilla:Pennsylvania:North America:Nov:01:2011:I_2_1
Machado,Drosophila simulans,41,I,North America,USA,Pennsylvania,Linvilla,39.88,-75.41,2011,Nov,01,SAMN03452795,SRR2859240,Machado:Linvilla:Pennsylvania:North America:Nov:01:2011:I_20_1
Machado,Drosophila simulans,50,I,North America,USA,Virginia,Charlottesville,38,-78.47,2010,Sep,01,SAMN03452970,SRR2859241,Machado:Charlottesville:Virginia:North America:Sep:01:2010:I_21_1
Machado,Drosophila simulans,41,I,North America,USA,Pennsylvania,Linvilla,39.88,-75.41,2011,Nov,01,SAMN03452796,SRR2859242,Machado:Linvilla:Pennsylvania:North America:Nov:01:2011:I_22_1
Machado,Drosophila simulans,50,I,North America,USA,Virginia,Charlottesville,38,-78.47,2010,Sep,01,SAMN03452971,SRR2859243,Machado:Charlottesville:Virginia:North America:Sep:01:2010:I_23_1
Machado,Drosophila simulans,41,I,North America,USA,Pennsylvania,Linvilla,39.88,-75.41,2011,Nov,01,SAMN03452797,SRR2859244,Machado:Linvilla:Pennsylvania:North America:Nov:01:2011:I_24_1
Machado,Drosophila simulans,50,I,North America,USA,Virginia,Charlottesville,38,-78.47,2010,Sep,01,SAMN03452961,SRR2859245,Machado:Charlottesville:Virginia:North America:Sep:01:2010:I_3_1
Machado,Drosophila simulans,41,I,North America,USA,Pennsylvania,Linvilla,39.88,-75.41,2011,Nov,01,SAMN03452788,SRR2859246,Machado:Linvilla:Pennsylvania:North America:Nov:01:2011:I_4_1
Machado,Drosophila simulans,50,I,North America,USA,Virginia,Charlottesville,38,-78.47,2010,Sep,01,SAMN03452962,SRR2859247,Machado:Charlottesville:Virginia:North America:Sep:01:2010:I_5_1
Machado,Drosophila simulans,41,I,North America,USA,Pennsylvania,Linvilla,39.88,-75.41,2011,Nov,01,SAMN03452789,SRR2859248,Machado:Linvilla:Pennsylvania:North America:Nov:01:2011:I_6_1
Machado,Drosophila simulans,50,I,North America,USA,Virginia,Charlottesville,38,-78.47,2010,Sep,01,SAMN03452963,SRR2859249,Machado:Charlottesville:Virginia:North America:Sep:01:2010:I_7_1
Machado,Drosophila simulans,41,I,North America,USA,Pennsylvania,Linvilla,39.88,-75.41,2011,Nov,01,SAMN03452790,SRR2859250,Machado:Linvilla:Pennsylvania:North America:Nov:01:2011:I_8_1
Machado,Drosophila simulans,50,I,North America,USA,Virginia,Charlottesville,38,-78.47,2010,Sep,01,SAMN03452964,SRR2859251,Machado:Charlottesville:Virginia:North America:Sep:01:2010:I_9_1
Machado,Drosophila simulans,44,I,North America,USA,Pennsylvania,Linvilla,39.88,-75.41,2011,Aug,01,SAMN03452887,SRR2859252,Machado:Linvilla:Pennsylvania:North America:Aug:01:2011:J_1_1
Machado,Drosophila simulans,44,I,North America,USA,Florida,Homestead,25.5,-80.477,2011,May,01,SAMN03452981,SRR2859253,Machado:Homestead:Florida:North America:May:01:2011:J_11_1
Machado,Drosophila simulans,44,I,North America,USA,Florida,Homestead,25.5,-80.477,2011,May,01,SAMN03452982,SRR2859254,Machado:Homestead:Florida:North America:May:01:2011:J_13_1
Machado,Drosophila simulans,44,I,North America,USA,Florida,Homestead,25.5,-80.477,2011,May,01,SAMN03452984,SRR2859256,Machado:Homestead:Florida:North America:May:01:2011:J_17_1
Machado,Drosophila simulans,44,I,North America,USA,Florida,Homestead,25.5,-80.477,2011,May,01,SAMN03452985,SRR2859257,Machado:Homestead:Florida:North America:May:01:2011:J_19_1
Machado,Drosophila simulans,44,I,North America,USA,Florida,Homestead,25.5,-80.477,2011,May,01,SAMN03452986,SRR2859258,Machado:Homestead:Florida:North America:May:01:2011:J_21_1
Machado,Drosophila simulans,44,I,North America,USA,Florida,Homestead,25.5,-80.477,2011,May,01,SAMN03452987,SRR2859259,Machado:Homestead:Florida:North America:May:01:2011:J_23_1
Machado,Drosophila simulans,44,I,North America,USA,Pennsylvania,Linvilla,39.88,-75.41,2011,Aug,01,SAMN03452888,SRR2859260,Machado:Linvilla:Pennsylvania:North America:Aug:01:2011:J_3_1
Machado,Drosophila simulans,44,I,North America,USA,Pennsylvania,Linvilla,39.88,-75.41,2011,Aug,01,SAMN03452889,SRR2859261,Machado:Linvilla:Pennsylvania:North America:Aug:01:2011:J_5_1
Machado,Drosophila simulans,44,I,North America,USA,Pennsylvania,Linvilla,39.88,-75.41,2011,Aug,01,SAMN03452890,SRR2859262,Machado:Linvilla:Pennsylvania:North America:Aug:01:2011:J_7_1
Machado,Drosophila simulans,44,I,North America,USA,Florida,Homestead,25.5,-80.477,2011,May,01,SAMN03452980,SRR2859263,Machado:Homestead:Florida:North America:May:01:2011:J_9_1
Machado,Drosophila simulans,44,I,North America,USA,Pennsylvania,Linvilla,39.88,-75.41,2011,Aug,01,SAMN03452891,SRR2859264,Machado:Linvilla:Pennsylvania:North America:Aug:01:2011:K_1_1
Machado,Drosophila simulans,41,I,North America,USA,Pennsylvania,Linvilla,39.88,-75.41,2011,Nov,01,SAMN03452802,SRR2859265,Machado:Linvilla:Pennsylvania:North America:Nov:01:2011:K_10_1
Machado,Drosophila simulans,44,I,North America,USA,Pennsylvania,Linvilla,39.88,-75.41,2011,Aug,01,SAMN03452896,SRR2859266,Machado:Linvilla:Pennsylvania:North America:Aug:01:2011:K_11_1
Machado,Drosophila simulans,44,I,North America,USA,Pennsylvania,Linvilla,39.88,-75.41,2011,Aug,01,SAMN03452897,SRR2859267,Machado:Linvilla:Pennsylvania:North America:Aug:01:2011:K_13_1
Machado,Drosophila simulans,41,I,North America,USA,Pennsylvania,Linvilla,39.88,-75.41,2011,Nov,01,SAMN03452803,SRR2859268,Machado:Linvilla:Pennsylvania:North America:Nov:01:2011:K_14_1
Machado,Drosophila simulans,44,I,North America,USA,Pennsylvania,Linvilla,39.88,-75.41,2011,Aug,01,SAMN03452898,SRR2859269,Machado:Linvilla:Pennsylvania:North America:Aug:01:2011:K_15_1
Machado,Drosophila simulans,41,I,North America,USA,Pennsylvania,Linvilla,39.88,-75.41,2011,Nov,01,SAMN03452804,SRR2859270,Machado:Linvilla:Pennsylvania:North America:Nov:01:2011:K_16_1
Machado,Drosophila simulans,44,I,North America,USA,Pennsylvania,Linvilla,39.88,-75.41,2011,Aug,01,SAMN03452899,SRR2859271,Machado:Linvilla:Pennsylvania:North America:Aug:01:2011:K_17_1
Machado,Drosophila simulans,41,I,North America,USA,Pennsylvania,Linvilla,39.88,-75.41,2011,Nov,01,SAMN03452805,SRR2859272,Machado:Linvilla:Pennsylvania:North America:Nov:01:2011:K_18_1
Machado,Drosophila simulans,44,I,North America,USA,Pennsylvania,Linvilla,39.88,-75.41,2011,Aug,01,SAMN03452900,SRR2859273,Machado:Linvilla:Pennsylvania:North America:Aug:01:2011:K_19_1
Machado,Drosophila simulans,41,I,North America,USA,Pennsylvania,Linvilla,39.88,-75.41,2011,Nov,01,SAMN03452798,SRR2859274,Machado:Linvilla:Pennsylvania:North America:Nov:01:2011:K_2_1
Machado,Drosophila simulans,41,I,North America,USA,Pennsylvania,Linvilla,39.88,-75.41,2011,Nov,01,SAMN03452806,SRR2859275,Machado:Linvilla:Pennsylvania:North America:Nov:01:2011:K_20_1
Machado,Drosophila simulans,44,I,North America,USA,Pennsylvania,Linvilla,39.88,-75.41,2011,Aug,01,SAMN03452901,SRR2859276,Machado:Linvilla:Pennsylvania:North America:Aug:01:2011:K_21_1
Machado,Drosophila simulans,44,I,North America,USA,Pennsylvania,Linvilla,39.88,-75.41,2011,Aug,01,SAMN03452902,SRR2859277,Machado:Linvilla:Pennsylvania:North America:Aug:01:2011:K_23_1
Machado,Drosophila simulans,41,I,North America,USA,Pennsylvania,Linvilla,39.88,-75.41,2011,Nov,01,SAMN03452807,SRR2859278,Machado:Linvilla:Pennsylvania:North America:Nov:01:2011:K_24_1
Machado,Drosophila simulans,44,I,North America,USA,Pennsylvania,Linvilla,39.88,-75.41,2011,Aug,01,SAMN03452892,SRR2859279,Machado:Linvilla:Pennsylvania:North America:Aug:01:2011:K_3_1
Machado,Drosophila simulans,41,I,North America,USA,Pennsylvania,Linvilla,39.88,-75.41,2011,Nov,01,SAMN03452799,SRR2859280,Machado:Linvilla:Pennsylvania:North America:Nov:01:2011:K_4_1
Machado,Drosophila simulans,44,I,North America,USA,Pennsylvania,Linvilla,39.88,-75.41,2011,Aug,01,SAMN03452893,SRR2859281,Machado:Linvilla:Pennsylvania:North America:Aug:01:2011:K_5_1
Machado,Drosophila simulans,41,I,North America,USA,Pennsylvania,Linvilla,39.88,-75.41,2011,Nov,01,SAMN03452800,SRR2859282,Machado:Linvilla:Pennsylvania:North America:Nov:01:2011:K_6_1
Machado,Drosophila simulans,44,I,North America,USA,Pennsylvania,Linvilla,39.88,-75.41,2011,Aug,01,SAMN03452894,SRR2859283,Machado:Linvilla:Pennsylvania:North America:Aug:01:2011:K_7_1
Machado,Drosophila simulans,41,I,North America,USA,Pennsylvania,Linvilla,39.88,-75.41,2011,Nov,01,SAMN03452801,SRR2859284,Machado:Linvilla:Pennsylvania:North America:Nov:01:2011:K_8_1
Machado,Drosophila simulans,44,I,North America,USA,Pennsylvania,Linvilla,39.88,-75.41,2011,Aug,01,SAMN03452895,SRR2859285,Machado:Linvilla:Pennsylvania:North America:Aug:01:2011:K_9_1
Machado,Drosophila simulans,44,I,North America,USA,Florida,Homestead,25.5,-80.477,2011,May,01,SAMN03452988,SRR2859286,Machado:Homestead:Florida:North America:May:01:2011:L_1_1
Machado,Drosophila simulans,44,I,North America,USA,Florida,Homestead,25.5,-80.477,2011,May,01,SAMN03452993,SRR2859287,Machado:Homestead:Florida:North America:May:01:2011:L_11_1
Machado,Drosophila simulans,44,I,North America,USA,Florida,Homestead,25.5,-80.477,2011,May,01,SAMN03452994,SRR2859288,Machado:Homestead:Florida:North America:May:01:2011:L_13_1
Machado,Drosophila simulans,44,I,North America,USA,Florida,Homestead,25.5,-80.477,2011,May,01,SAMN03452995,SRR2859289,Machado:Homestead:Florida:North America:May:01:2011:L_15_1
Machado,Drosophila simulans,44,I,North America,USA,Florida,Homestead,25.5,-80.477,2011,May,01,SAMN03452996,SRR2859290,Machado:Homestead:Florida:North America:May:01:2011:L_17_1
Machado,Drosophila simulans,44,I,North America,USA,Florida,Homestead,25.5,-80.477,2011,May,01,SAMN03452997,SRR2859291,Machado:Homestead:Florida:North America:May:01:2011:L_19_1
Machado,Drosophila simulans,44,I,North America,USA,Florida,Homestead,25.5,-80.477,2011,May,01,SAMN03452998,SRR2859292,Machado:Homestead:Florida:North America:May:01:2011:L_21_1
Machado,Drosophila simulans,44,I,North America,USA,Florida,Homestead,25.5,-80.477,2011,May,01,SAMN03452999,SRR2859293,Machado:Homestead:Florida:North America:May:01:2011:L_23_1
Machado,Drosophila simulans,44,I,North America,USA,Florida,Homestead,25.5,-80.477,2011,May,01,SAMN03452989,SRR2859294,Machado:Homestead:Florida:North America:May:01:2011:L_3_1
Machado,Drosophila simulans,44,I,North America,USA,Florida,Homestead,25.5,-80.477,2011,May,01,SAMN03452990,SRR2859295,Machado:Homestead:Florida:North America:May:01:2011:L_5_1
Machado,Drosophila simulans,44,I,North America,USA,Florida,Homestead,25.5,-80.477,2011,May,01,SAMN03452991,SRR2859296,Machado:Homestead:Florida:North America:May:01:2011:L_7_1
Machado,Drosophila simulans,44,I,North America,USA,Florida,Homestead,25.5,-80.477,2011,May,01,SAMN03452992,SRR2859297,Machado:Homestead:Florida:North America:May:01:2011:L_9_1
Machado,Drosophila simulans,44,I,North America,USA,Pennsylvania,Linvilla,39.88,-75.41,2011,Aug,01,SAMN03452903,SRR2859298,Machado:Linvilla:Pennsylvania:North America:Aug:01:2011:M_1_1
Machado,Drosophila simulans,41,I,North America,USA,Pennsylvania,Linvilla,39.88,-75.41,2011,Nov,01,SAMN03452820,SRR2859299,Machado:Linvilla:Pennsylvania:North America:Nov:01:2011:M_10_1
Machado,Drosophila simulans,44,I,North America,USA,Pennsylvania,Linvilla,39.88,-75.41,2011,Aug,01,SAMN03452908,SRR2859300,Machado:Linvilla:Pennsylvania:North America:Aug:01:2011:M_11_1
Machado,Drosophila simulans,41,I,North America,USA,Pennsylvania,Linvilla,39.88,-75.41,2011,Nov,01,SAMN03452821,SRR2859301,Machado:Linvilla:Pennsylvania:North America:Nov:01:2011:M_12_1
Machado,Drosophila simulans,44,I,North America,USA,Pennsylvania,Linvilla,39.88,-75.41,2011,Aug,01,SAMN03452909,SRR2859302,Machado:Linvilla:Pennsylvania:North America:Aug:01:2011:M_13_1
Machado,Drosophila simulans,41,I,North America,USA,Pennsylvania,Linvilla,39.88,-75.41,2011,Nov,01,SAMN03452822,SRR2859303,Machado:Linvilla:Pennsylvania:North America:Nov:01:2011:M_14_1
Machado,Drosophila simulans,44,I,North America,USA,Pennsylvania,Linvilla,39.88,-75.41,2011,Aug,01,SAMN03452910,SRR2859304,Machado:Linvilla:Pennsylvania:North America:Aug:01:2011:M_15_1
Machado,Drosophila simulans,41,I,North America,USA,Pennsylvania,Linvilla,39.88,-75.41,2011,Nov,01,SAMN03452823,SRR2859305,Machado:Linvilla:Pennsylvania:North America:Nov:01:2011:M_16_1
Machado,Drosophila simulans,44,I,North America,USA,Pennsylvania,Linvilla,39.88,-75.41,2011,Aug,01,SAMN03452911,SRR2859306,Machado:Linvilla:Pennsylvania:North America:Aug:01:2011:M_17_1
Machado,Drosophila simulans,41,I,North America,USA,Pennsylvania,Linvilla,39.88,-75.41,2011,Nov,01,SAMN03452824,SRR2859307,Machado:Linvilla:Pennsylvania:North America:Nov:01:2011:M_18_1
Machado,Drosophila simulans,41,I,North America,USA,Pennsylvania,Linvilla,39.88,-75.41,2011,Nov,01,SAMN03452816,SRR2859309,Machado:Linvilla:Pennsylvania:North America:Nov:01:2011:M_2_1
Machado,Drosophila simulans,41,I,North America,USA,Pennsylvania,Linvilla,39.88,-75.41,2011,Nov,01,SAMN03452825,SRR2859310,Machado:Linvilla:Pennsylvania:North America:Nov:01:2011:M_20_1
Machado,Drosophila simulans,41,I,North America,USA,Pennsylvania,Linvilla,39.88,-75.41,2011,Nov,01,SAMN03452826,SRR2859311,Machado:Linvilla:Pennsylvania:North America:Nov:01:2011:M_22_1
Machado,Drosophila simulans,44,I,North America,USA,Pennsylvania,Linvilla,39.88,-75.41,2011,Aug,01,SAMN03452913,SRR2859312,Machado:Linvilla:Pennsylvania:North America:Aug:01:2011:M_23_1
Machado,Drosophila simulans,41,I,North America,USA,Pennsylvania,Linvilla,39.88,-75.41,2011,Nov,01,SAMN03452827,SRR2859313,Machado:Linvilla:Pennsylvania:North America:Nov:01:2011:M_24_1
Machado,Drosophila simulans,44,I,North America,USA,Pennsylvania,Linvilla,39.88,-75.41,2011,Aug,01,SAMN03452904,SRR2859314,Machado:Linvilla:Pennsylvania:North America:Aug:01:2011:M_3_1
Machado,Drosophila simulans,41,I,North America,USA,Pennsylvania,Linvilla,39.88,-75.41,2011,Nov,01,SAMN03452817,SRR2859315,Machado:Linvilla:Pennsylvania:North America:Nov:01:2011:M_4_1
Machado,Drosophila simulans,44,I,North America,USA,Pennsylvania,Linvilla,39.88,-75.41,2011,Aug,01,SAMN03452905,SRR2859316,Machado:Linvilla:Pennsylvania:North America:Aug:01:2011:M_5_1
Machado,Drosophila simulans,41,I,North America,USA,Pennsylvania,Linvilla,39.88,-75.41,2011,Nov,01,SAMN03452818,SRR2859317,Machado:Linvilla:Pennsylvania:North America:Nov:01:2011:M_6_1
Machado,Drosophila simulans,44,I,North America,USA,Pennsylvania,Linvilla,39.88,-75.41,2011,Aug,01,SAMN03452906,SRR2859318,Machado:Linvilla:Pennsylvania:North America:Aug:01:2011:M_7_1
Machado,Drosophila simulans,41,I,North America,USA,Pennsylvania,Linvilla,39.88,-75.41,2011,Nov,01,SAMN03452819,SRR2859319,Machado:Linvilla:Pennsylvania:North America:Nov:01:2011:M_8_1
Machado,Drosophila simulans,44,I,North America,USA,Pennsylvania,Linvilla,39.88,-75.41,2011,Aug,01,SAMN03452907,SRR2859320,Machado:Linvilla:Pennsylvania:North America:Aug:01:2011:M_9_1
Machado,Drosophila simulans,44,I,North America,USA,Florida,Homestead,25.5,-80.477,2011,May,01,SAMN03453000,SRR2859321,Machado:Homestead:Florida:North America:May:01:2011:N_1_1
Machado,Drosophila simulans,44,I,North America,USA,Florida,Homestead,25.5,-80.477,2011,May,01,SAMN03453004,SRR2859322,Machado:Homestead:Florida:North America:May:01:2011:N_11_1
Machado,Drosophila simulans,44,I,North America,USA,Florida,Homestead,25.5,-80.477,2011,May,01,SAMN03453005,SRR2859323,Machado:Homestead:Florida:North America:May:01:2011:N_13_1
Machado,Drosophila simulans,44,I,North America,USA,Florida,Homestead,25.5,-80.477,2011,May,01,SAMN03453006,SRR2859324,Machado:Homestead:Florida:North America:May:01:2011:N_15_1
Machado,Drosophila simulans,44,I,North America,USA,Florida,Homestead,25.5,-80.477,2011,May,01,SAMN03453007,SRR2859325,Machado:Homestead:Florida:North America:May:01:2011:N_17_1
Machado,Drosophila simulans,44,I,North America,USA,Florida,Homestead,25.5,-80.477,2011,May,01,SAMN03453008,SRR2859326,Machado:Homestead:Florida:North America:May:01:2011:N_19_1
Machado,Drosophila simulans,44,I,North America,USA,Florida,Homestead,25.5,-80.477,2011,May,01,SAMN03453009,SRR2859327,Machado:Homestead:Florida:North America:May:01:2011:N_21_1
Machado,Drosophila simulans,44,I,North America,USA,Florida,Homestead,25.5,-80.477,2011,May,01,SAMN03453010,SRR2859328,Machado:Homestead:Florida:North America:May:01:2011:N_23_1
Machado,Drosophila simulans,44,I,North America,USA,Florida,Homestead,25.5,-80.477,2011,May,01,SAMN03453001,SRR2859329,Machado:Homestead:Florida:North America:May:01:2011:N_3_1
Machado,Drosophila simulans,44,I,North America,USA,Florida,Homestead,25.5,-80.477,2011,May,01,SAMN03453002,SRR2859330,Machado:Homestead:Florida:North America:May:01:2011:N_7_1
Machado,Drosophila simulans,44,I,North America,USA,Florida,Homestead,25.5,-80.477,2011,May,01,SAMN03453003,SRR2859331,Machado:Homestead:Florida:North America:May:01:2011:N_9_1
Machado,Drosophila simulans,44,I,North America,USA,Pennsylvania,Linvilla,39.88,-75.41,2011,Aug,01,SAMN03452914,SRR2859332,Machado:Linvilla:Pennsylvania:North America:Aug:01:2011:O_1_1
Machado,Drosophila simulans,41,I,North America,USA,Pennsylvania,Linvilla,39.88,-75.41,2011,Nov,01,SAMN03452812,SRR2859333,Machado:Linvilla:Pennsylvania:North America:Nov:01:2011:O_10_1
Machado,Drosophila simulans,44,I,North America,USA,Pennsylvania,Linvilla,39.88,-75.41,2011,Aug,01,SAMN03452919,SRR2859334,Machado:Linvilla:Pennsylvania:North America:Aug:01:2011:O_11_1
Machado,Drosophila simulans,41,I,North America,USA,Pennsylvania,Linvilla,39.88,-75.41,2011,Nov,01,SAMN03452813,SRR2859335,Machado:Linvilla:Pennsylvania:North America:Nov:01:2011:O_12_1
Machado,Drosophila simulans,44,I,North America,USA,Pennsylvania,Linvilla,39.88,-75.41,2011,Aug,01,SAMN03452920,SRR2859336,Machado:Linvilla:Pennsylvania:North America:Aug:01:2011:O_13_1
Machado,Drosophila simulans,41,I,North America,USA,Pennsylvania,Linvilla,39.88,-75.41,2011,Nov,01,SAMN03452814,SRR2859337,Machado:Linvilla:Pennsylvania:North America:Nov:01:2011:O_14_1
Machado,Drosophila simulans,44,I,North America,USA,Pennsylvania,Linvilla,39.88,-75.41,2011,Aug,01,SAMN03452921,SRR2859338,Machado:Linvilla:Pennsylvania:North America:Aug:01:2011:O_15_1
Machado,Drosophila simulans,41,I,North America,USA,Pennsylvania,Linvilla,39.88,-75.41,2011,Nov,01,SAMN03452815,SRR2859339,Machado:Linvilla:Pennsylvania:North America:Nov:01:2011:O_16_1
Machado,Drosophila simulans,44,I,North America,USA,Pennsylvania,Linvilla,39.88,-75.41,2011,Aug,01,SAMN03452915,SRR2859341,Machado:Linvilla:Pennsylvania:North America:Aug:01:2011:O_3_1
Machado,Drosophila simulans,41,I,North America,USA,Pennsylvania,Linvilla,39.88,-75.41,2011,Nov,01,SAMN03452809,SRR2859342,Machado:Linvilla:Pennsylvania:North America:Nov:01:2011:O_4_1
Machado,Drosophila simulans,44,I,North America,USA,Pennsylvania,Linvilla,39.88,-75.41,2011,Aug,01,SAMN03452916,SRR2859343,Machado:Linvilla:Pennsylvania:North America:Aug:01:2011:O_5_1
Machado,Drosophila simulans,41,I,North America,USA,Pennsylvania,Linvilla,39.88,-75.41,2011,Nov,01,SAMN03452810,SRR2859344,Machado:Linvilla:Pennsylvania:North America:Nov:01:2011:O_6_1
Machado,Drosophila simulans,44,I,North America,USA,Pennsylvania,Linvilla,39.88,-75.41,2011,Aug,01,SAMN03452917,SRR2859345,Machado:Linvilla:Pennsylvania:North America:Aug:01:2011:O_7_1
Machado,Drosophila simulans,41,I,North America,USA,Pennsylvania,Linvilla,39.88,-75.41,2011,Nov,01,SAMN03452811,SRR2859346,Machado:Linvilla:Pennsylvania:North America:Nov:01:2011:O_8_1
Machado,Drosophila simulans,44,I,North America,USA,Pennsylvania,Linvilla,39.88,-75.41,2011,Aug,01,SAMN03452918,SRR2859347,Machado:Linvilla:Pennsylvania:North America:Aug:01:2011:O_9_1
Machado,Drosophila simulans,44,I,North America,USA,Florida,Homestead,25.5,-80.477,2011,May,01,SAMN03453011,SRR2859348,Machado:Homestead:Florida:North America:May:01:2011:P_1_1
Machado,Drosophila simulans,44,I,North America,USA,Florida,Homestead,25.5,-80.477,2011,May,01,SAMN03453016,SRR2859349,Machado:Homestead:Florida:North America:May:01:2011:P_11_1
Machado,Drosophila simulans,50,I,North America,USA,Pennsylvania,Linvilla,39.88,-75.41,2011,Sep,01,SAMN03452875,SRR2859350,Machado:Linvilla:Pennsylvania:North America:Sep:01:2011:P_13_1
Machado,Drosophila simulans,50,I,North America,USA,Pennsylvania,Linvilla,39.88,-75.41,2011,Sep,01,SAMN03452876,SRR2859351,Machado:Linvilla:Pennsylvania:North America:Sep:01:2011:P_15_1
Machado,Drosophila simulans,50,I,North America,USA,Pennsylvania,Linvilla,39.88,-75.41,2011,Sep,01,SAMN03452877,SRR2859352,Machado:Linvilla:Pennsylvania:North America:Sep:01:2011:P_17_1
Machado,Drosophila simulans,44,I,North America,USA,Florida,Homestead,25.5,-80.477,2011,May,01,SAMN03453012,SRR2859353,Machado:Homestead:Florida:North America:May:01:2011:P_3_1
Machado,Drosophila simulans,44,I,North America,USA,Florida,Homestead,25.5,-80.477,2011,May,01,SAMN03453013,SRR2859354,Machado:Homestead:Florida:North America:May:01:2011:P_5_1
Machado,Drosophila simulans,44,I,North America,USA,Florida,Homestead,25.5,-80.477,2011,May,01,SAMN03453014,SRR2859355,Machado:Homestead:Florida:North America:May:01:2011:P_7_1
Machado,Drosophila simulans,44,I,North America,USA,Florida,Homestead,25.5,-80.477,2011,May,01,SAMN03453015,SRR2859356,Machado:Homestead:Florida:North America:May:01:2011:P_9_1
Machado,Drosophila simulans,65,P,North America,USA,Pennsylania,Linvilla,39.88,-75.41,2010,Jul,01,SAMN03453017,SRR2859357,Machado:Linvilla:Pennsylania:North America:Jul:01:2010:ECsimPA7_2010 pool of 65 individuals
Machado,Drosophila simulans,50,P,North America,USA,Pennsylania,Linvilla,39.88,-75.41,2010,Sep,01,SAMN03453018,SRR2859358,Machado:Linvilla:Pennsylania:North America:Sep:01:2010:ECsimPA9_2010 pool of 50 individuals
Machado,Drosophila simulans,50,I,North America,USA,Virginia,Charlottesville,38,-78.47,2010,Sep,01,SAMN03452949,SRR2859210,Machado:Charlottesville:Virginia:North America:Sep:01:2010:G_3_1
Machado,Drosophila simulans,38,I,North America,USA,Maine,Bowdoin,44,-69.96,2011,Oct,01,SAMN03452749,SRR2396819,Machado:Bowdoin:Maine:North America:Oct:01:2011:B_1_1
Machado,Drosophila simulans,38,I,North America,USA,Maine,Bowdoin,44,-69.96,2011,Oct,01,SAMN03452750,SRR2396820,Machado:Bowdoin:Maine:North America:Oct:01:2011:B_3_1
Machado,Drosophila simulans,38,I,North America,USA,Maine,Bowdoin,44,-69.96,2011,Oct,01,SAMN03452751,SRR2396821,Machado:Bowdoin:Maine:North America:Oct:01:2011:B_5_1
Machado,Drosophila simulans,38,I,North America,USA,Maine,Bowdoin,44,-69.96,2011,Oct,01,SAMN03452752,SRR2396822,Machado:Bowdoin:Maine:North America:Oct:01:2011:B_7_1
Machado,Drosophila simulans,38,I,North America,USA,Maine,Bowdoin,44,-69.96,2011,Oct,01,SAMN03452753,SRR2396823,Machado:Bowdoin:Maine:North America:Oct:01:2011:B_9_1
Machado,Drosophila simulans,38,I,North America,USA,Maine,Bowdoin,44,-69.96,2011,Oct,01,SAMN03452754,SRR2396824,Machado:Bowdoin:Maine:North America:Oct:01:2011:B_11_1
Machado,Drosophila simulans,38,I,North America,USA,Maine,Bowdoin,44,-69.96,2011,Oct,01,SAMN03452755,SRR2396825,Machado:Bowdoin:Maine:North America:Oct:01:2011:B_13_1
Machado,Drosophila simulans,38,I,North America,USA,Maine,Bowdoin,44,-69.96,2011,Oct,01,SAMN03452756,SRR2396826,Machado:Bowdoin:Maine:North America:Oct:01:2011:B_15_1
Machado,Drosophila simulans,38,I,North America,USA,Maine,Bowdoin,44,-69.96,2011,Oct,01,SAMN03452757,SRR2396827,Machado:Bowdoin:Maine:North America:Oct:01:2011:B_17_1
Machado,Drosophila simulans,38,I,North America,USA,Maine,Bowdoin,44,-69.96,2011,Oct,01,SAMN03452758,SRR2396828,Machado:Bowdoin:Maine:North America:Oct:01:2011:B_19_1
Machado,Drosophila simulans,38,I,North America,USA,Maine,Bowdoin,44,-69.96,2011,Oct,01,SAMN03452759,SRR2396829,Machado:Bowdoin:Maine:North America:Oct:01:2011:B_21_1
Machado,Drosophila simulans,38,I,North America,USA,Maine,Bowdoin,44,-69.96,2011,Oct,01,SAMN03452760,SRR2396830,Machado:Bowdoin:Maine:North America:Oct:01:2011:B_23_1
Machado,Drosophila simulans,38,I,North America,USA,Maine,Bowdoin,44,-69.96,2011,Oct,01,SAMN03452762,SRR2396832,Machado:Bowdoin:Maine:North America:Oct:01:2011:D_3_1
Machado,Drosophila simulans,38,I,North America,USA,Maine,Bowdoin,44,-69.96,2011,Oct,01,SAMN03452763,SRR2396833,Machado:Bowdoin:Maine:North America:Oct:01:2011:D_5_1
Machado,Drosophila simulans,38,I,North America,USA,Maine,Bowdoin,44,-69.96,2011,Oct,01,SAMN03452764,SRR2396834,Machado:Bowdoin:Maine:North America:Oct:01:2011:D_7_1
Machado,Drosophila simulans,38,I,North America,USA,Maine,Bowdoin,44,-69.96,2011,Oct,01,SAMN03452765,SRR2396835,Machado:Bowdoin:Maine:North America:Oct:01:2011:D_9_1
Machado,Drosophila simulans,38,I,North America,USA,Maine,Bowdoin,44,-69.96,2011,Oct,01,SAMN03452766,SRR2396836,Machado:Bowdoin:Maine:North America:Oct:01:2011:D_11_1
Machado,Drosophila simulans,38,I,North America,USA,Maine,Bowdoin,44,-69.96,2011,Oct,01,SAMN03452767,SRR2396837,Machado:Bowdoin:Maine:North America:Oct:01:2011:D_13_1
Machado,Drosophila simulans,38,I,North America,USA,Maine,Bowdoin,44,-69.96,2011,Oct,01,SAMN03452768,SRR2396838,Machado:Bowdoin:Maine:North America:Oct:01:2011:D_17_1
Machado,Drosophila simulans,38,I,North America,USA,Maine,Bowdoin,44,-69.96,2011,Oct,01,SAMN03452769,SRR2396839,Machado:Bowdoin:Maine:North America:Oct:01:2011:D_19_1
Machado,Drosophila simulans,38,I,North America,USA,Maine,Bowdoin,44,-69.96,2011,Oct,01,SAMN03452770,SRR2396840,Machado:Bowdoin:Maine:North America:Oct:01:2011:D_21_1
Machado,Drosophila simulans,38,I,North America,USA,Maine,Bowdoin,44,-69.96,2011,Oct,01,SAMN03452771,SRR2396841,Machado:Bowdoin:Maine:North America:Oct:01:2011:D_23_1
Machado,Drosophila simulans,38,I,North America,USA,Maine,Bowdoin,44,-69.96,2011,Oct,01,SAMN03452772,SRR2396842,Machado:Bowdoin:Maine:North America:Oct:01:2011:F_1_1
Machado,Drosophila simulans,38,I,North America,USA,Maine,Bowdoin,44,-69.96,2011,Oct,01,SAMN03452773,SRR2396843,Machado:Bowdoin:Maine:North America:Oct:01:2011:F_3_1
Machado,Drosophila simulans,38,I,North America,USA,Maine,Bowdoin,44,-69.96,2011,Oct,01,SAMN03452774,SRR2396844,Machado:Bowdoin:Maine:North America:Oct:01:2011:F_5_1
Machado,Drosophila simulans,38,I,North America,USA,Maine,Bowdoin,44,-69.96,2011,Oct,01,SAMN03452775,SRR2396845,Machado:Bowdoin:Maine:North America:Oct:01:2011:F_7_1
Machado,Drosophila simulans,38,I,North America,USA,Maine,Bowdoin,44,-69.96,2011,Oct,01,SAMN03452776,SRR2396846,Machado:Bowdoin:Maine:North America:Oct:01:2011:F_9_1
Machado,Drosophila simulans,38,I,North America,USA,Maine,Bowdoin,44,-69.96,2011,Oct,01,SAMN03452777,SRR2396847,Machado:Bowdoin:Maine:North America:Oct:01:2011:F_13_1
Machado,Drosophila simulans,38,I,North America,USA,Maine,Bowdoin,44,-69.96,2011,Oct,01,SAMN03452778,SRR2396848,Machado:Bowdoin:Maine:North America:Oct:01:2011:F_15_1
Machado,Drosophila simulans,38,I,North America,USA,Maine,Bowdoin,44,-69.96,2011,Oct,01,SAMN03452779,SRR2396849,Machado:Bowdoin:Maine:North America:Oct:01:2011:F_17_1
Machado,Drosophila simulans,38,I,North America,USA,Maine,Bowdoin,44,-69.96,2011,Oct,01,SAMN03452780,SRR2396850,Machado:Bowdoin:Maine:North America:Oct:01:2011:F_19_1
Machado,Drosophila simulans,38,I,North America,USA,Maine,Bowdoin,44,-69.96,2011,Oct,01,SAMN03452781,SRR2396851,Machado:Bowdoin:Maine:North America:Oct:01:2011:F_21_1
Machado,Drosophila simulans,38,I,North America,USA,Maine,Bowdoin,44,-69.96,2011,Oct,01,SAMN03452782,SRR2396852,Machado:Bowdoin:Maine:North America:Oct:01:2011:F_23_1
Machado,Drosophila simulans,38,I,North America,USA,Maine,Bowdoin,44,-69.96,2011,Oct,01,SAMN03452783,SRR2396853,Machado:Bowdoin:Maine:North America:Oct:01:2011:H_1_1
Machado,Drosophila simulans,38,I,North America,USA,Maine,Bowdoin,44,-69.96,2011,Oct,01,SAMN03452784,SRR2396854,Machado:Bowdoin:Maine:North America:Oct:01:2011:H_3_1
Machado,Drosophila simulans,38,I,North America,USA,Maine,Bowdoin,44,-69.96,2011,Oct,01,SAMN03452785,SRR2396855,Machado:Bowdoin:Maine:North America:Oct:01:2011:H_5_1
Machado,Drosophila simulans,38,I,North America,USA,Maine,Bowdoin,44,-69.96,2011,Oct,01,SAMN03452786,SRR2396856,Machado:Bowdoin:Maine:North America:Oct:01:2011:H_7_1
Machado,Drosophila simulans,41,I,North America,USA,Pennsylvania,Linvilla,39.88,-75.41,2011,Nov,01,SAMN03452787,SRR2396857,Machado:Linvilla:Pennsylvania:North America:Nov:01:2011:I_2_1
Machado,Drosophila simulans,41,I,North America,USA,Pennsylvania,Linvilla,39.88,-75.41,2011,Nov,01,SAMN03452788,SRR2396858,Machado:Linvilla:Pennsylvania:North America:Nov:01:2011:I_4_1
Machado,Drosophila simulans,41,I,North America,USA,Pennsylvania,Linvilla,39.88,-75.41,2011,Nov,01,SAMN03452789,SRR2396859,Machado:Linvilla:Pennsylvania:North America:Nov:01:2011:I_6_1
Machado,Drosophila simulans,41,I,North America,USA,Pennsylvania,Linvilla,39.88,-75.41,2011,Nov,01,SAMN03452790,SRR2396860,Machado:Linvilla:Pennsylvania:North America:Nov:01:2011:I_8_1
Machado,Drosophila simulans,41,I,North America,USA,Pennsylvania,Linvilla,39.88,-75.41,2011,Nov,01,SAMN03452791,SRR2396861,Machado:Linvilla:Pennsylvania:North America:Nov:01:2011:I_10_1
Machado,Drosophila simulans,41,I,North America,USA,Pennsylvania,Linvilla,39.88,-75.41,2011,Nov,01,SAMN03452792,SRR2396862,Machado:Linvilla:Pennsylvania:North America:Nov:01:2011:I_12_1
Machado,Drosophila simulans,41,I,North America,USA,Pennsylvania,Linvilla,39.88,-75.41,2011,Nov,01,SAMN03452793,SRR2396863,Machado:Linvilla:Pennsylvania:North America:Nov:01:2011:I_14_1
Machado,Drosophila simulans,41,I,North America,USA,Pennsylvania,Linvilla,39.88,-75.41,2011,Nov,01,SAMN03452794,SRR2396864,Machado:Linvilla:Pennsylvania:North America:Nov:01:2011:I_16_1
Machado,Drosophila simulans,41,I,North America,USA,Pennsylvania,Linvilla,39.88,-75.41,2011,Nov,01,SAMN03452795,SRR2396865,Machado:Linvilla:Pennsylvania:North America:Nov:01:2011:I_20_1
Machado,Drosophila simulans,41,I,North America,USA,Pennsylvania,Linvilla,39.88,-75.41,2011,Nov,01,SAMN03452796,SRR2396866,Machado:Linvilla:Pennsylvania:North America:Nov:01:2011:I_22_1
Machado,Drosophila simulans,41,I,North America,USA,Pennsylvania,Linvilla,39.88,-75.41,2011,Nov,01,SAMN03452797,SRR2396867,Machado:Linvilla:Pennsylvania:North America:Nov:01:2011:I_24_1
Machado,Drosophila simulans,41,I,North America,USA,Pennsylvania,Linvilla,39.88,-75.41,2011,Nov,01,SAMN03452798,SRR2396868,Machado:Linvilla:Pennsylvania:North America:Nov:01:2011:K_2_1
Machado,Drosophila simulans,41,I,North America,USA,Pennsylvania,Linvilla,39.88,-75.41,2011,Nov,01,SAMN03452799,SRR2396869,Machado:Linvilla:Pennsylvania:North America:Nov:01:2011:K_4_1
Machado,Drosophila simulans,41,I,North America,USA,Pennsylvania,Linvilla,39.88,-75.41,2011,Nov,01,SAMN03452800,SRR2396870,Machado:Linvilla:Pennsylvania:North America:Nov:01:2011:K_6_1
Machado,Drosophila simulans,41,I,North America,USA,Pennsylvania,Linvilla,39.88,-75.41,2011,Nov,01,SAMN03452801,SRR2396871,Machado:Linvilla:Pennsylvania:North America:Nov:01:2011:K_8_1
Machado,Drosophila simulans,41,I,North America,USA,Pennsylvania,Linvilla,39.88,-75.41,2011,Nov,01,SAMN03452802,SRR2396872,Machado:Linvilla:Pennsylvania:North America:Nov:01:2011:K_10_1
Machado,Drosophila simulans,41,I,North America,USA,Pennsylvania,Linvilla,39.88,-75.41,2011,Nov,01,SAMN03452804,SRR2396874,Machado:Linvilla:Pennsylvania:North America:Nov:01:2011:K_16_1
Machado,Drosophila simulans,41,I,North America,USA,Pennsylvania,Linvilla,39.88,-75.41,2011,Nov,01,SAMN03452805,SRR2396875,Machado:Linvilla:Pennsylvania:North America:Nov:01:2011:K_18_1
Machado,Drosophila simulans,41,I,North America,USA,Pennsylvania,Linvilla,39.88,-75.41,2011,Nov,01,SAMN03452806,SRR2396876,Machado:Linvilla:Pennsylvania:North America:Nov:01:2011:K_20_1
Machado,Drosophila simulans,41,I,North America,USA,Pennsylvania,Linvilla,39.88,-75.41,2011,Nov,01,SAMN03452807,SRR2396877,Machado:Linvilla:Pennsylvania:North America:Nov:01:2011:K_24_1
Machado,Drosophila simulans,41,I,North America,USA,Pennsylvania,Linvilla,39.88,-75.41,2011,Nov,01,SAMN03452808,SRR2396878,Machado:Linvilla:Pennsylvania:North America:Nov:01:2011:O_2_1
Machado,Drosophila simulans,41,I,North America,USA,Pennsylvania,Linvilla,39.88,-75.41,2011,Nov,01,SAMN03452809,SRR2396879,Machado:Linvilla:Pennsylvania:North America:Nov:01:2011:O_4_1
Machado,Drosophila simulans,41,I,North America,USA,Pennsylvania,Linvilla,39.88,-75.41,2011,Nov,01,SAMN03452810,SRR2396880,Machado:Linvilla:Pennsylvania:North America:Nov:01:2011:O_6_1
Machado,Drosophila simulans,41,I,North America,USA,Pennsylvania,Linvilla,39.88,-75.41,2011,Nov,01,SAMN03452811,SRR2396881,Machado:Linvilla:Pennsylvania:North America:Nov:01:2011:O_8_1
Machado,Drosophila simulans,41,I,North America,USA,Pennsylvania,Linvilla,39.88,-75.41,2011,Nov,01,SAMN03452812,SRR2396882,Machado:Linvilla:Pennsylvania:North America:Nov:01:2011:O_10_1
Machado,Drosophila simulans,41,I,North America,USA,Pennsylvania,Linvilla,39.88,-75.41,2011,Nov,01,SAMN03452813,SRR2396883,Machado:Linvilla:Pennsylvania:North America:Nov:01:2011:O_12_1
Machado,Drosophila simulans,41,I,North America,USA,Pennsylvania,Linvilla,39.88,-75.41,2011,Nov,01,SAMN03452814,SRR2396884,Machado:Linvilla:Pennsylvania:North America:Nov:01:2011:O_14_1
Machado,Drosophila simulans,41,I,North America,USA,Pennsylvania,Linvilla,39.88,-75.41,2011,Nov,01,SAMN03452815,SRR2396885,Machado:Linvilla:Pennsylvania:North America:Nov:01:2011:O_16_1
Machado,Drosophila simulans,41,I,North America,USA,Pennsylvania,Linvilla,39.88,-75.41,2011,Nov,01,SAMN03452816,SRR2396886,Machado:Linvilla:Pennsylvania:North America:Nov:01:2011:M_2_1
Machado,Drosophila simulans,41,I,North America,USA,Pennsylvania,Linvilla,39.88,-75.41,2011,Nov,01,SAMN03452817,SRR2396887,Machado:Linvilla:Pennsylvania:North America:Nov:01:2011:M_4_1
Machado,Drosophila simulans,41,I,North America,USA,Pennsylvania,Linvilla,39.88,-75.41,2011,Nov,01,SAMN03452818,SRR2396888,Machado:Linvilla:Pennsylvania:North America:Nov:01:2011:M_6_1
Machado,Drosophila simulans,41,I,North America,USA,Pennsylvania,Linvilla,39.88,-75.41,2011,Nov,01,SAMN03452820,SRR2396890,Machado:Linvilla:Pennsylvania:North America:Nov:01:2011:M_10_1
Machado,Drosophila simulans,41,I,North America,USA,Pennsylvania,Linvilla,39.88,-75.41,2011,Nov,01,SAMN03452821,SRR2396891,Machado:Linvilla:Pennsylvania:North America:Nov:01:2011:M_12_1
Machado,Drosophila simulans,41,I,North America,USA,Pennsylvania,Linvilla,39.88,-75.41,2011,Nov,01,SAMN03452822,SRR2396892,Machado:Linvilla:Pennsylvania:North America:Nov:01:2011:M_14_1
Machado,Drosophila simulans,41,I,North America,USA,Pennsylvania,Linvilla,39.88,-75.41,2011,Nov,01,SAMN03452823,SRR2396893,Machado:Linvilla:Pennsylvania:North America:Nov:01:2011:M_16_1
Machado,Drosophila simulans,41,I,North America,USA,Pennsylvania,Linvilla,39.88,-75.41,2011,Nov,01,SAMN03452824,SRR2396894,Machado:Linvilla:Pennsylvania:North America:Nov:01:2011:M_18_1
Machado,Drosophila simulans,41,I,North America,USA,Pennsylvania,Linvilla,39.88,-75.41,2011,Nov,01,SAMN03452825,SRR2396895,Machado:Linvilla:Pennsylvania:North America:Nov:01:2011:M_20_1
Machado,Drosophila simulans,41,I,North America,USA,Pennsylvania,Linvilla,39.88,-75.41,2011,Nov,01,SAMN03452826,SRR2396896,Machado:Linvilla:Pennsylvania:North America:Nov:01:2011:M_22_1
Machado,Drosophila simulans,41,I,North America,USA,Pennsylvania,Linvilla,39.88,-75.41,2011,Nov,01,SAMN03452827,SRR2396897,Machado:Linvilla:Pennsylvania:North America:Nov:01:2011:M_24_1
Machado,Drosophila simulans,50,I,North America,USA,Pennsylvania,Linvilla,39.88,-75.41,2011,Sep,01,SAMN03452828,SRR2396898,Machado:Linvilla:Pennsylvania:North America:Sep:01:2011:A_2_1
Machado,Drosophila simulans,50,I,North America,USA,Pennsylvania,Linvilla,39.88,-75.41,2011,Sep,01,SAMN03452829,SRR2396899,Machado:Linvilla:Pennsylvania:North America:Sep:01:2011:A_4_1
Machado,Drosophila simulans,50,I,North America,USA,Pennsylvania,Linvilla,39.88,-75.41,2011,Sep,01,SAMN03452830,SRR2396900,Machado:Linvilla:Pennsylvania:North America:Sep:01:2011:A_6_1
Machado,Drosophila simulans,50,I,North America,USA,Pennsylvania,Linvilla,39.88,-75.41,2011,Sep,01,SAMN03452831,SRR2396901,Machado:Linvilla:Pennsylvania:North America:Sep:01:2011:A_8_1
Machado,Drosophila simulans,50,I,North America,USA,Pennsylvania,Linvilla,39.88,-75.41,2011,Sep,01,SAMN03452832,SRR2396902,Machado:Linvilla:Pennsylvania:North America:Sep:01:2011:A_10_1
Machado,Drosophila simulans,50,I,North America,USA,Pennsylvania,Linvilla,39.88,-75.41,2011,Sep,01,SAMN03452833,SRR2396903,Machado:Linvilla:Pennsylvania:North America:Sep:01:2011:A_12_1
Machado,Drosophila simulans,50,I,North America,USA,Pennsylvania,Linvilla,39.88,-75.41,2011,Sep,01,SAMN03452834,SRR2396904,Machado:Linvilla:Pennsylvania:North America:Sep:01:2011:A_14_1
Machado,Drosophila simulans,50,I,North America,USA,Pennsylvania,Linvilla,39.88,-75.41,2011,Sep,01,SAMN03452835,SRR2396905,Machado:Linvilla:Pennsylvania:North America:Sep:01:2011:A_16_1
Machado,Drosophila simulans,50,I,North America,USA,Pennsylvania,Linvilla,39.88,-75.41,2011,Sep,01,SAMN03452836,SRR2396906,Machado:Linvilla:Pennsylvania:North America:Sep:01:2011:A_18_1
Machado,Drosophila simulans,50,I,North America,USA,Pennsylvania,Linvilla,39.88,-75.41,2011,Sep,01,SAMN03452837,SRR2396907,Machado:Linvilla:Pennsylvania:North America:Sep:01:2011:A_20_1
Machado,Drosophila simulans,50,I,North America,USA,Pennsylvania,Linvilla,39.88,-75.41,2011,Sep,01,SAMN03452838,SRR2396908,Machado:Linvilla:Pennsylvania:North America:Sep:01:2011:A_22_1
Machado,Drosophila simulans,50,I,North America,USA,Pennsylvania,Linvilla,39.88,-75.41,2011,Sep,01,SAMN03452839,SRR2396909,Machado:Linvilla:Pennsylvania:North America:Sep:01:2011:A_24_1
Machado,Drosophila simulans,50,I,North America,USA,Pennsylvania,Linvilla,39.88,-75.41,2011,Sep,01,SAMN03452840,SRR2396910,Machado:Linvilla:Pennsylvania:North America:Sep:01:2011:C_2_1
Machado,Drosophila simulans,50,I,North America,USA,Pennsylvania,Linvilla,39.88,-75.41,2011,Sep,01,SAMN03452841,SRR2396911,Machado:Linvilla:Pennsylvania:North America:Sep:01:2011:C_6_1
Machado,Drosophila simulans,50,I,North America,USA,Pennsylvania,Linvilla,39.88,-75.41,2011,Sep,01,SAMN03452842,SRR2396912,Machado:Linvilla:Pennsylvania:North America:Sep:01:2011:C_8_1
Machado,Drosophila simulans,50,I,North America,USA,Pennsylvania,Linvilla,39.88,-75.41,2011,Sep,01,SAMN03452843,SRR2396913,Machado:Linvilla:Pennsylvania:North America:Sep:01:2011:C_10_1
Machado,Drosophila simulans,50,I,North America,USA,Pennsylvania,Linvilla,39.88,-75.41,2011,Sep,01,SAMN03452844,SRR2396914,Machado:Linvilla:Pennsylvania:North America:Sep:01:2011:C_12_1
Machado,Drosophila simulans,50,I,North America,USA,Pennsylvania,Linvilla,39.88,-75.41,2011,Sep,01,SAMN03452845,SRR2396915,Machado:Linvilla:Pennsylvania:North America:Sep:01:2011:C_14_1
Machado,Drosophila simulans,50,I,North America,USA,Pennsylvania,Linvilla,39.88,-75.41,2011,Sep,01,SAMN03452846,SRR2396916,Machado:Linvilla:Pennsylvania:North America:Sep:01:2011:C_16_1
Machado,Drosophila simulans,50,I,North America,USA,Pennsylvania,Linvilla,39.88,-75.41,2011,Sep,01,SAMN03452847,SRR2396917,Machado:Linvilla:Pennsylvania:North America:Sep:01:2011:C_18_1
Machado,Drosophila simulans,50,I,North America,USA,Pennsylvania,Linvilla,39.88,-75.41,2011,Sep,01,SAMN03452848,SRR2396918,Machado:Linvilla:Pennsylvania:North America:Sep:01:2011:C_20_1
Machado,Drosophila simulans,50,I,North America,USA,Pennsylvania,Linvilla,39.88,-75.41,2011,Sep,01,SAMN03452849,SRR2396919,Machado:Linvilla:Pennsylvania:North America:Sep:01:2011:C_22_1
Machado,Drosophila simulans,50,I,North America,USA,Pennsylvania,Linvilla,39.88,-75.41,2011,Sep,01,SAMN03452850,SRR2396920,Machado:Linvilla:Pennsylvania:North America:Sep:01:2011:C_24_1
Machado,Drosophila simulans,50,I,North America,USA,Pennsylvania,Linvilla,39.88,-75.41,2011,Sep,01,SAMN03452851,SRR2396921,Machado:Linvilla:Pennsylvania:North America:Sep:01:2011:E_2_1
Machado,Drosophila simulans,50,I,North America,USA,Pennsylvania,Linvilla,39.88,-75.41,2011,Sep,01,SAMN03452852,SRR2396922,Machado:Linvilla:Pennsylvania:North America:Sep:01:2011:E_4_1
Machado,Drosophila simulans,50,I,North America,USA,Pennsylvania,Linvilla,39.88,-75.41,2011,Sep,01,SAMN03452853,SRR2396923,Machado:Linvilla:Pennsylvania:North America:Sep:01:2011:E_6_1
Machado,Drosophila simulans,50,I,North America,USA,Pennsylvania,Linvilla,39.88,-75.41,2011,Sep,01,SAMN03452854,SRR2396924,Machado:Linvilla:Pennsylvania:North America:Sep:01:2011:E_8_1
Machado,Drosophila simulans,50,I,North America,USA,Pennsylvania,Linvilla,39.88,-75.41,2011,Sep,01,SAMN03452855,SRR2396925,Machado:Linvilla:Pennsylvania:North America:Sep:01:2011:E_10_1
Machado,Drosophila simulans,50,I,North America,USA,Pennsylvania,Linvilla,39.88,-75.41,2011,Sep,01,SAMN03452856,SRR2396926,Machado:Linvilla:Pennsylvania:North America:Sep:01:2011:E_12_1
Machado,Drosophila simulans,50,I,North America,USA,Pennsylvania,Linvilla,39.88,-75.41,2011,Sep,01,SAMN03452857,SRR2396927,Machado:Linvilla:Pennsylvania:North America:Sep:01:2011:E_14_1
Machado,Drosophila simulans,50,I,North America,USA,Pennsylvania,Linvilla,39.88,-75.41,2011,Sep,01,SAMN03452858,SRR2396928,Machado:Linvilla:Pennsylvania:North America:Sep:01:2011:E_16_1
Machado,Drosophila simulans,50,I,North America,USA,Pennsylvania,Linvilla,39.88,-75.41,2011,Sep,01,SAMN03452859,SRR2396929,Machado:Linvilla:Pennsylvania:North America:Sep:01:2011:E_18_1
Machado,Drosophila simulans,50,I,North America,USA,Pennsylvania,Linvilla,39.88,-75.41,2011,Sep,01,SAMN03452860,SRR2396930,Machado:Linvilla:Pennsylvania:North America:Sep:01:2011:E_20_1
Machado,Drosophila simulans,50,I,North America,USA,Pennsylvania,Linvilla,39.88,-75.41,2011,Sep,01,SAMN03452861,SRR2396931,Machado:Linvilla:Pennsylvania:North America:Sep:01:2011:E_22_1
Machado,Drosophila simulans,50,I,North America,USA,Pennsylvania,Linvilla,39.88,-75.41,2011,Sep,01,SAMN03452862,SRR2396932,Machado:Linvilla:Pennsylvania:North America:Sep:01:2011:E_24_1
Machado,Drosophila simulans,50,I,North America,USA,Pennsylvania,Linvilla,39.88,-75.41,2011,Sep,01,SAMN03452863,SRR2396933,Machado:Linvilla:Pennsylvania:North America:Sep:01:2011:G_2_1
Machado,Drosophila simulans,50,I,North America,USA,Pennsylvania,Linvilla,39.88,-75.41,2011,Sep,01,SAMN03452864,SRR2396934,Machado:Linvilla:Pennsylvania:North America:Sep:01:2011:G_4_1
Machado,Drosophila simulans,50,I,North America,USA,Pennsylvania,Linvilla,39.88,-75.41,2011,Sep,01,SAMN03452865,SRR2396935,Machado:Linvilla:Pennsylvania:North America:Sep:01:2011:G_6_1
Machado,Drosophila simulans,50,I,North America,USA,Pennsylvania,Linvilla,39.88,-75.41,2011,Sep,01,SAMN03452866,SRR2396936,Machado:Linvilla:Pennsylvania:North America:Sep:01:2011:G_8_1
Machado,Drosophila simulans,50,I,North America,USA,Pennsylvania,Linvilla,39.88,-75.41,2011,Sep,01,SAMN03452867,SRR2396937,Machado:Linvilla:Pennsylvania:North America:Sep:01:2011:G_10_1
Machado,Drosophila simulans,50,I,North America,USA,Pennsylvania,Linvilla,39.88,-75.41,2011,Sep,01,SAMN03452868,SRR2396938,Machado:Linvilla:Pennsylvania:North America:Sep:01:2011:G_12_1
Machado,Drosophila simulans,50,I,North America,USA,Pennsylvania,Linvilla,39.88,-75.41,2011,Sep,01,SAMN03452869,SRR2396939,Machado:Linvilla:Pennsylvania:North America:Sep:01:2011:G_14_1
Machado,Drosophila simulans,50,I,North America,USA,Pennsylvania,Linvilla,39.88,-75.41,2011,Sep,01,SAMN03452870,SRR2396940,Machado:Linvilla:Pennsylvania:North America:Sep:01:2011:G_16_1
Machado,Drosophila simulans,50,I,North America,USA,Pennsylvania,Linvilla,39.88,-75.41,2011,Sep,01,SAMN03452871,SRR2396941,Machado:Linvilla:Pennsylvania:North America:Sep:01:2011:G_18_1
Machado,Drosophila simulans,50,I,North America,USA,Pennsylvania,Linvilla,39.88,-75.41,2011,Sep,01,SAMN03452872,SRR2396942,Machado:Linvilla:Pennsylvania:North America:Sep:01:2011:G_20_1
Machado,Drosophila simulans,50,I,North America,USA,Pennsylvania,Linvilla,39.88,-75.41,2011,Sep,01,SAMN03452873,SRR2396943,Machado:Linvilla:Pennsylvania:North America:Sep:01:2011:G_22_1
Machado,Drosophila simulans,50,I,North America,USA,Pennsylvania,Linvilla,39.88,-75.41,2011,Sep,01,SAMN03452875,SRR2396945,Machado:Linvilla:Pennsylvania:North America:Sep:01:2011:P_13_1
Machado,Drosophila simulans,50,I,North America,USA,Pennsylvania,Linvilla,39.88,-75.41,2011,Sep,01,SAMN03452876,SRR2396946,Machado:Linvilla:Pennsylvania:North America:Sep:01:2011:P_15_1
Machado,Drosophila simulans,50,I,North America,USA,Pennsylvania,Linvilla,39.88,-75.41,2011,Sep,01,SAMN03452877,SRR2396947,Machado:Linvilla:Pennsylvania:North America:Sep:01:2011:P_17_1
Machado,Drosophila simulans,44,I,North America,USA,Pennsylvania,Linvilla,39.88,-75.41,2011,Aug,01,SAMN03452878,SRR2396948,Machado:Linvilla:Pennsylvania:North America:Aug:01:2011:A_1_1
Machado,Drosophila simulans,44,I,North America,USA,Pennsylvania,Linvilla,39.88,-75.41,2011,Aug,01,SAMN03452879,SRR2396949,Machado:Linvilla:Pennsylvania:North America:Aug:01:2011:A_3_1
Machado,Drosophila simulans,44,I,North America,USA,Pennsylvania,Linvilla,39.88,-75.41,2011,Aug,01,SAMN03452880,SRR2396950,Machado:Linvilla:Pennsylvania:North America:Aug:01:2011:A_5_1
Machado,Drosophila simulans,44,I,North America,USA,Pennsylvania,Linvilla,39.88,-75.41,2011,Aug,01,SAMN03452881,SRR2396951,Machado:Linvilla:Pennsylvania:North America:Aug:01:2011:A_7_1
Machado,Drosophila simulans,44,I,North America,USA,Pennsylvania,Linvilla,39.88,-75.41,2011,Aug,01,SAMN03452882,SRR2396952,Machado:Linvilla:Pennsylvania:North America:Aug:01:2011:A_9_1
Machado,Drosophila simulans,44,I,North America,USA,Pennsylvania,Linvilla,39.88,-75.41,2011,Aug,01,SAMN03452883,SRR2396953,Machado:Linvilla:Pennsylvania:North America:Aug:01:2011:A_11_1
Machado,Drosophila simulans,44,I,North America,USA,Pennsylvania,Linvilla,39.88,-75.41,2011,Aug,01,SAMN03452884,SRR2396954,Machado:Linvilla:Pennsylvania:North America:Aug:01:2011:A_13_1
Machado,Drosophila simulans,44,I,North America,USA,Pennsylvania,Linvilla,39.88,-75.41,2011,Aug,01,SAMN03452885,SRR2396955,Machado:Linvilla:Pennsylvania:North America:Aug:01:2011:A_15_1
Machado,Drosophila simulans,44,I,North America,USA,Pennsylvania,Linvilla,39.88,-75.41,2011,Aug,01,SAMN03452886,SRR2396956,Machado:Linvilla:Pennsylvania:North America:Aug:01:2011:A_17_1
Machado,Drosophila simulans,44,I,North America,USA,Pennsylvania,Linvilla,39.88,-75.41,2011,Aug,01,SAMN03452887,SRR2396957,Machado:Linvilla:Pennsylvania:North America:Aug:01:2011:J_1_1
Machado,Drosophila simulans,44,I,North America,USA,Pennsylvania,Linvilla,39.88,-75.41,2011,Aug,01,SAMN03452888,SRR2396958,Machado:Linvilla:Pennsylvania:North America:Aug:01:2011:J_3_1
Machado,Drosophila simulans,44,I,North America,USA,Pennsylvania,Linvilla,39.88,-75.41,2011,Aug,01,SAMN03452889,SRR2396959,Machado:Linvilla:Pennsylvania:North America:Aug:01:2011:J_5_1
Machado,Drosophila simulans,44,I,North America,USA,Pennsylvania,Linvilla,39.88,-75.41,2011,Aug,01,SAMN03452890,SRR2396960,Machado:Linvilla:Pennsylvania:North America:Aug:01:2011:J_7_1
Machado,Drosophila simulans,44,I,North America,USA,Pennsylvania,Linvilla,39.88,-75.41,2011,Aug,01,SAMN03452891,SRR2396961,Machado:Linvilla:Pennsylvania:North America:Aug:01:2011:K_1_1
Machado,Drosophila simulans,44,I,North America,USA,Pennsylvania,Linvilla,39.88,-75.41,2011,Aug,01,SAMN03452892,SRR2396962,Machado:Linvilla:Pennsylvania:North America:Aug:01:2011:K_3_1
Machado,Drosophila simulans,44,I,North America,USA,Pennsylvania,Linvilla,39.88,-75.41,2011,Aug,01,SAMN03452893,SRR2396963,Machado:Linvilla:Pennsylvania:North America:Aug:01:2011:K_5_1
Machado,Drosophila simulans,44,I,North America,USA,Pennsylvania,Linvilla,39.88,-75.41,2011,Aug,01,SAMN03452894,SRR2396964,Machado:Linvilla:Pennsylvania:North America:Aug:01:2011:K_7_1
Machado,Drosophila simulans,44,I,North America,USA,Pennsylvania,Linvilla,39.88,-75.41,2011,Aug,01,SAMN03452895,SRR2396965,Machado:Linvilla:Pennsylvania:North America:Aug:01:2011:K_9_1
Machado,Drosophila simulans,44,I,North America,USA,Pennsylvania,Linvilla,39.88,-75.41,2011,Aug,01,SAMN03452896,SRR2396966,Machado:Linvilla:Pennsylvania:North America:Aug:01:2011:K_11_1
Machado,Drosophila simulans,44,I,North America,USA,Pennsylvania,Linvilla,39.88,-75.41,2011,Aug,01,SAMN03452897,SRR2396967,Machado:Linvilla:Pennsylvania:North America:Aug:01:2011:K_13_1
Machado,Drosophila simulans,44,I,North America,USA,Pennsylvania,Linvilla,39.88,-75.41,2011,Aug,01,SAMN03452898,SRR2396968,Machado:Linvilla:Pennsylvania:North America:Aug:01:2011:K_15_1
Machado,Drosophila simulans,44,I,North America,USA,Pennsylvania,Linvilla,39.88,-75.41,2011,Aug,01,SAMN03452899,SRR2396969,Machado:Linvilla:Pennsylvania:North America:Aug:01:2011:K_17_1
Machado,Drosophila simulans,44,I,North America,USA,Pennsylvania,Linvilla,39.88,-75.41,2011,Aug,01,SAMN03452900,SRR2396970,Machado:Linvilla:Pennsylvania:North America:Aug:01:2011:K_19_1
Machado,Drosophila simulans,44,I,North America,USA,Pennsylvania,Linvilla,39.88,-75.41,2011,Aug,01,SAMN03452901,SRR2396971,Machado:Linvilla:Pennsylvania:North America:Aug:01:2011:K_21_1
Machado,Drosophila simulans,44,I,North America,USA,Pennsylvania,Linvilla,39.88,-75.41,2011,Aug,01,SAMN03452902,SRR2396972,Machado:Linvilla:Pennsylvania:North America:Aug:01:2011:K_23_1
Machado,Drosophila simulans,44,I,North America,USA,Pennsylvania,Linvilla,39.88,-75.41,2011,Aug,01,SAMN03452903,SRR2396973,Machado:Linvilla:Pennsylvania:North America:Aug:01:2011:M_1_1
Machado,Drosophila simulans,44,I,North America,USA,Pennsylvania,Linvilla,39.88,-75.41,2011,Aug,01,SAMN03452904,SRR2396974,Machado:Linvilla:Pennsylvania:North America:Aug:01:2011:M_3_1
Machado,Drosophila simulans,44,I,North America,USA,Pennsylvania,Linvilla,39.88,-75.41,2011,Aug,01,SAMN03452905,SRR2396975,Machado:Linvilla:Pennsylvania:North America:Aug:01:2011:M_5_1
Machado,Drosophila simulans,44,I,North America,USA,Pennsylvania,Linvilla,39.88,-75.41,2011,Aug,01,SAMN03452906,SRR2396976,Machado:Linvilla:Pennsylvania:North America:Aug:01:2011:M_7_1
Machado,Drosophila simulans,44,I,North America,USA,Pennsylvania,Linvilla,39.88,-75.41,2011,Aug,01,SAMN03452907,SRR2396977,Machado:Linvilla:Pennsylvania:North America:Aug:01:2011:M_9_1
Machado,Drosophila simulans,44,I,North America,USA,Pennsylvania,Linvilla,39.88,-75.41,2011,Aug,01,SAMN03452908,SRR2396978,Machado:Linvilla:Pennsylvania:North America:Aug:01:2011:M_11_1
Machado,Drosophila simulans,44,I,North America,USA,Pennsylvania,Linvilla,39.88,-75.41,2011,Aug,01,SAMN03452910,SRR2396980,Machado:Linvilla:Pennsylvania:North America:Aug:01:2011:M_15_1
Machado,Drosophila simulans,44,I,North America,USA,Pennsylvania,Linvilla,39.88,-75.41,2011,Aug,01,SAMN03452911,SRR2396981,Machado:Linvilla:Pennsylvania:North America:Aug:01:2011:M_17_1
Machado,Drosophila simulans,44,I,North America,USA,Pennsylvania,Linvilla,39.88,-75.41,2011,Aug,01,SAMN03452912,SRR2396982,Machado:Linvilla:Pennsylvania:North America:Aug:01:2011:M_19_1
Machado,Drosophila simulans,44,I,North America,USA,Pennsylvania,Linvilla,39.88,-75.41,2011,Aug,01,SAMN03452913,SRR2396983,Machado:Linvilla:Pennsylvania:North America:Aug:01:2011:M_23_1
Machado,Drosophila simulans,44,I,North America,USA,Pennsylvania,Linvilla,39.88,-75.41,2011,Aug,01,SAMN03452914,SRR2396984,Machado:Linvilla:Pennsylvania:North America:Aug:01:2011:O_1_1
Machado,Drosophila simulans,44,I,North America,USA,Pennsylvania,Linvilla,39.88,-75.41,2011,Aug,01,SAMN03452915,SRR2396985,Machado:Linvilla:Pennsylvania:North America:Aug:01:2011:O_3_1
Machado,Drosophila simulans,44,I,North America,USA,Pennsylvania,Linvilla,39.88,-75.41,2011,Aug,01,SAMN03452916,SRR2396986,Machado:Linvilla:Pennsylvania:North America:Aug:01:2011:O_5_1
Machado,Drosophila simulans,44,I,North America,USA,Pennsylvania,Linvilla,39.88,-75.41,2011,Aug,01,SAMN03452917,SRR2396987,Machado:Linvilla:Pennsylvania:North America:Aug:01:2011:O_7_1
Machado,Drosophila simulans,44,I,North America,USA,Pennsylvania,Linvilla,39.88,-75.41,2011,Aug,01,SAMN03452918,SRR2396988,Machado:Linvilla:Pennsylvania:North America:Aug:01:2011:O_9_1
Machado,Drosophila simulans,44,I,North America,USA,Pennsylvania,Linvilla,39.88,-75.41,2011,Aug,01,SAMN03452919,SRR2396989,Machado:Linvilla:Pennsylvania:North America:Aug:01:2011:O_11_1
Machado,Drosophila simulans,44,I,North America,USA,Pennsylvania,Linvilla,39.88,-75.41,2011,Aug,01,SAMN03452920,SRR2396990,Machado:Linvilla:Pennsylvania:North America:Aug:01:2011:O_13_1
Machado,Drosophila simulans,44,I,North America,USA,Pennsylvania,Linvilla,39.88,-75.41,2011,Aug,01,SAMN03452921,SRR2396991,Machado:Linvilla:Pennsylvania:North America:Aug:01:2011:O_15_1
Machado,Drosophila simulans,50,I,North America,USA,Virginia,Charlottesville,38,-78.47,2010,Sep,01,SAMN03452922,SRR2396992,Machado:Charlottesville:Virginia:North America:Sep:01:2010:A_19_1
Machado,Drosophila simulans,50,I,North America,USA,Virginia,Charlottesville,38,-78.47,2010,Sep,01,SAMN03452923,SRR2396993,Machado:Charlottesville:Virginia:North America:Sep:01:2010:A_21_1
Machado,Drosophila simulans,50,I,North America,USA,Virginia,Charlottesville,38,-78.47,2010,Sep,01,SAMN03452924,SRR2396994,Machado:Charlottesville:Virginia:North America:Sep:01:2010:A_23_1
Machado,Drosophila simulans,50,I,North America,USA,Virginia,Charlottesville,38,-78.47,2010,Sep,01,SAMN03452925,SRR2396995,Machado:Charlottesville:Virginia:North America:Sep:01:2010:C_1_1
Machado,Drosophila simulans,50,I,North America,USA,Virginia,Charlottesville,38,-78.47,2010,Sep,01,SAMN03452926,SRR2396996,Machado:Charlottesville:Virginia:North America:Sep:01:2010:C_3_1
Machado,Drosophila simulans,50,I,North America,USA,Virginia,Charlottesville,38,-78.47,2010,Sep,01,SAMN03452927,SRR2396997,Machado:Charlottesville:Virginia:North America:Sep:01:2010:C_5_1
Machado,Drosophila simulans,50,I,North America,USA,Virginia,Charlottesville,38,-78.47,2010,Sep,01,SAMN03452928,SRR2396998,Machado:Charlottesville:Virginia:North America:Sep:01:2010:C_7_1
Machado,Drosophila simulans,50,I,North America,USA,Virginia,Charlottesville,38,-78.47,2010,Sep,01,SAMN03452929,SRR2396999,Machado:Charlottesville:Virginia:North America:Sep:01:2010:C_9_1
Machado,Drosophila simulans,50,I,North America,USA,Virginia,Charlottesville,38,-78.47,2010,Sep,01,SAMN03452930,SRR2397000,Machado:Charlottesville:Virginia:North America:Sep:01:2010:C_11_1
Machado,Drosophila simulans,50,I,North America,USA,Virginia,Charlottesville,38,-78.47,2010,Sep,01,SAMN03452931,SRR2397001,Machado:Charlottesville:Virginia:North America:Sep:01:2010:C_13_1
Machado,Drosophila simulans,50,I,North America,USA,Virginia,Charlottesville,38,-78.47,2010,Sep,01,SAMN03452932,SRR2397002,Machado:Charlottesville:Virginia:North America:Sep:01:2010:C_15_1
Machado,Drosophila simulans,50,I,North America,USA,Virginia,Charlottesville,38,-78.47,2010,Sep,01,SAMN03452933,SRR2397003,Machado:Charlottesville:Virginia:North America:Sep:01:2010:C_17_1
Machado,Drosophila simulans,50,I,North America,USA,Virginia,Charlottesville,38,-78.47,2010,Sep,01,SAMN03452934,SRR2397004,Machado:Charlottesville:Virginia:North America:Sep:01:2010:C_19_1
Machado,Drosophila simulans,50,I,North America,USA,Virginia,Charlottesville,38,-78.47,2010,Sep,01,SAMN03452935,SRR2397005,Machado:Charlottesville:Virginia:North America:Sep:01:2010:C_21_1
Machado,Drosophila simulans,50,I,North America,USA,Virginia,Charlottesville,38,-78.47,2010,Sep,01,SAMN03452936,SRR2397006,Machado:Charlottesville:Virginia:North America:Sep:01:2010:C_23_1
Machado,Drosophila simulans,50,I,North America,USA,Virginia,Charlottesville,38,-78.47,2010,Sep,01,SAMN03452937,SRR2397007,Machado:Charlottesville:Virginia:North America:Sep:01:2010:E_1_1
Machado,Drosophila simulans,50,I,North America,USA,Virginia,Charlottesville,38,-78.47,2010,Sep,01,SAMN03452938,SRR2397008,Machado:Charlottesville:Virginia:North America:Sep:01:2010:E_3_1
Machado,Drosophila simulans,50,I,North America,USA,Virginia,Charlottesville,38,-78.47,2010,Sep,01,SAMN03452939,SRR2397009,Machado:Charlottesville:Virginia:North America:Sep:01:2010:E_7_1
Machado,Drosophila simulans,50,I,North America,USA,Virginia,Charlottesville,38,-78.47,2010,Sep,01,SAMN03452940,SRR2397010,Machado:Charlottesville:Virginia:North America:Sep:01:2010:E_9_1
Machado,Drosophila simulans,50,I,North America,USA,Virginia,Charlottesville,38,-78.47,2010,Sep,01,SAMN03452941,SRR2397011,Machado:Charlottesville:Virginia:North America:Sep:01:2010:E_11_1
Machado,Drosophila simulans,50,I,North America,USA,Virginia,Charlottesville,38,-78.47,2010,Sep,01,SAMN03452942,SRR2397012,Machado:Charlottesville:Virginia:North America:Sep:01:2010:E_13_1
Machado,Drosophila simulans,50,I,North America,USA,Virginia,Charlottesville,38,-78.47,2010,Sep,01,SAMN03452943,SRR2397013,Machado:Charlottesville:Virginia:North America:Sep:01:2010:E_15_1
Machado,Drosophila simulans,50,I,North America,USA,Virginia,Charlottesville,38,-78.47,2010,Sep,01,SAMN03452944,SRR2397014,Machado:Charlottesville:Virginia:North America:Sep:01:2010:E_17_1
Machado,Drosophila simulans,50,I,North America,USA,Virginia,Charlottesville,38,-78.47,2010,Sep,01,SAMN03452946,SRR2397016,Machado:Charlottesville:Virginia:North America:Sep:01:2010:E_21_1
Machado,Drosophila simulans,50,I,North America,USA,Virginia,Charlottesville,38,-78.47,2010,Sep,01,SAMN03452947,SRR2397017,Machado:Charlottesville:Virginia:North America:Sep:01:2010:E_23_1
Machado,Drosophila simulans,50,I,North America,USA,Virginia,Charlottesville,38,-78.47,2010,Sep,01,SAMN03452948,SRR2397018,Machado:Charlottesville:Virginia:North America:Sep:01:2010:G_1_1
Machado,Drosophila simulans,50,I,North America,USA,Virginia,Charlottesville,38,-78.47,2010,Sep,01,SAMN03452949,SRR2397019,Machado:Charlottesville:Virginia:North America:Sep:01:2010:G_3_1
Machado,Drosophila simulans,50,I,North America,USA,Virginia,Charlottesville,38,-78.47,2010,Sep,01,SAMN03452950,SRR2397020,Machado:Charlottesville:Virginia:North America:Sep:01:2010:G_5_1
Machado,Drosophila simulans,50,I,North America,USA,Virginia,Charlottesville,38,-78.47,2010,Sep,01,SAMN03452951,SRR2397021,Machado:Charlottesville:Virginia:North America:Sep:01:2010:G_7_1
Machado,Drosophila simulans,50,I,North America,USA,Virginia,Charlottesville,38,-78.47,2010,Sep,01,SAMN03452952,SRR2397022,Machado:Charlottesville:Virginia:North America:Sep:01:2010:G_9_1
Machado,Drosophila simulans,50,I,North America,USA,Virginia,Charlottesville,38,-78.47,2010,Sep,01,SAMN03452953,SRR2397023,Machado:Charlottesville:Virginia:North America:Sep:01:2010:G_11_1
Machado,Drosophila simulans,50,I,North America,USA,Virginia,Charlottesville,38,-78.47,2010,Sep,01,SAMN03452954,SRR2397024,Machado:Charlottesville:Virginia:North America:Sep:01:2010:G_13_1
Machado,Drosophila simulans,50,I,North America,USA,Virginia,Charlottesville,38,-78.47,2010,Sep,01,SAMN03452955,SRR2397025,Machado:Charlottesville:Virginia:North America:Sep:01:2010:G_15_1
Machado,Drosophila simulans,50,I,North America,USA,Virginia,Charlottesville,38,-78.47,2010,Sep,01,SAMN03452956,SRR2397026,Machado:Charlottesville:Virginia:North America:Sep:01:2010:G_17_1
Machado,Drosophila simulans,50,I,North America,USA,Virginia,Charlottesville,38,-78.47,2010,Sep,01,SAMN03452957,SRR2397027,Machado:Charlottesville:Virginia:North America:Sep:01:2010:G_19_1
Machado,Drosophila simulans,50,I,North America,USA,Virginia,Charlottesville,38,-78.47,2010,Sep,01,SAMN03452958,SRR2397028,Machado:Charlottesville:Virginia:North America:Sep:01:2010:G_21_1
Machado,Drosophila simulans,50,I,North America,USA,Virginia,Charlottesville,38,-78.47,2010,Sep,01,SAMN03452959,SRR2397029,Machado:Charlottesville:Virginia:North America:Sep:01:2010:G_23_1
Machado,Drosophila simulans,50,I,North America,USA,Virginia,Charlottesville,38,-78.47,2010,Sep,01,SAMN03452960,SRR2397030,Machado:Charlottesville:Virginia:North America:Sep:01:2010:I_1_1
Machado,Drosophila simulans,50,I,North America,USA,Virginia,Charlottesville,38,-78.47,2010,Sep,01,SAMN03452961,SRR2397031,Machado:Charlottesville:Virginia:North America:Sep:01:2010:I_3_1
Machado,Drosophila simulans,50,I,North America,USA,Virginia,Charlottesville,38,-78.47,2010,Sep,01,SAMN03452962,SRR2397032,Machado:Charlottesville:Virginia:North America:Sep:01:2010:I_5_1
Machado,Drosophila simulans,50,I,North America,USA,Virginia,Charlottesville,38,-78.47,2010,Sep,01,SAMN03452963,SRR2397033,Machado:Charlottesville:Virginia:North America:Sep:01:2010:I_7_1
Machado,Drosophila simulans,50,I,North America,USA,Virginia,Charlottesville,38,-78.47,2010,Sep,01,SAMN03452964,SRR2397034,Machado:Charlottesville:Virginia:North America:Sep:01:2010:I_9_1
Machado,Drosophila simulans,50,I,North America,USA,Virginia,Charlottesville,38,-78.47,2010,Sep,01,SAMN03452965,SRR2397035,Machado:Charlottesville:Virginia:North America:Sep:01:2010:I_11_1
Machado,Drosophila simulans,50,I,North America,USA,Virginia,Charlottesville,38,-78.47,2010,Sep,01,SAMN03452966,SRR2397036,Machado:Charlottesville:Virginia:North America:Sep:01:2010:I_13_1
Machado,Drosophila simulans,50,I,North America,USA,Virginia,Charlottesville,38,-78.47,2010,Sep,01,SAMN03452967,SRR2397037,Machado:Charlottesville:Virginia:North America:Sep:01:2010:I_15_1
Machado,Drosophila simulans,50,I,North America,USA,Virginia,Charlottesville,38,-78.47,2010,Sep,01,SAMN03452968,SRR2397038,Machado:Charlottesville:Virginia:North America:Sep:01:2010:I_17_1
Machado,Drosophila simulans,50,I,North America,USA,Virginia,Charlottesville,38,-78.47,2010,Sep,01,SAMN03452969,SRR2397039,Machado:Charlottesville:Virginia:North America:Sep:01:2010:I_19_1
Machado,Drosophila simulans,50,I,North America,USA,Virginia,Charlottesville,38,-78.47,2010,Sep,01,SAMN03452971,SRR2397041,Machado:Charlottesville:Virginia:North America:Sep:01:2010:I_23_1
Machado,Drosophila simulans,44,I,North America,USA,Florida,Homestead,25.5,-80.477,2011,May,01,SAMN03452972,SRR2397042,Machado:Homestead:Florida:North America:May:01:2011:H_9_1
Machado,Drosophila simulans,44,I,North America,USA,Florida,Homestead,25.5,-80.477,2011,May,01,SAMN03452973,SRR2397043,Machado:Homestead:Florida:North America:May:01:2011:H_11_1
Machado,Drosophila simulans,44,I,North America,USA,Florida,Homestead,25.5,-80.477,2011,May,01,SAMN03452974,SRR2397044,Machado:Homestead:Florida:North America:May:01:2011:H_13_1
Machado,Drosophila simulans,44,I,North America,USA,Florida,Homestead,25.5,-80.477,2011,May,01,SAMN03452975,SRR2397045,Machado:Homestead:Florida:North America:May:01:2011:H_15_1
Machado,Drosophila simulans,44,I,North America,USA,Florida,Homestead,25.5,-80.477,2011,May,01,SAMN03452976,SRR2397046,Machado:Homestead:Florida:North America:May:01:2011:H_17_1
Machado,Drosophila simulans,44,I,North America,USA,Florida,Homestead,25.5,-80.477,2011,May,01,SAMN03452977,SRR2397047,Machado:Homestead:Florida:North America:May:01:2011:H_19_1
Machado,Drosophila simulans,44,I,North America,USA,Florida,Homestead,25.5,-80.477,2011,May,01,SAMN03452978,SRR2397048,Machado:Homestead:Florida:North America:May:01:2011:H_21_1
Machado,Drosophila simulans,44,I,North America,USA,Florida,Homestead,25.5,-80.477,2011,May,01,SAMN03452979,SRR2397049,Machado:Homestead:Florida:North America:May:01:2011:H_23_1
Machado,Drosophila simulans,44,I,North America,USA,Florida,Homestead,25.5,-80.477,2011,May,01,SAMN03452980,SRR2397050,Machado:Homestead:Florida:North America:May:01:2011:J_9_1
Machado,Drosophila simulans,44,I,North America,USA,Florida,Homestead,25.5,-80.477,2011,May,01,SAMN03452981,SRR2397051,Machado:Homestead:Florida:North America:May:01:2011:J_11_1
Machado,Drosophila simulans,44,I,North America,USA,Florida,Homestead,25.5,-80.477,2011,May,01,SAMN03452982,SRR2397052,Machado:Homestead:Florida:North America:May:01:2011:J_13_1
Machado,Drosophila simulans,44,I,North America,USA,Florida,Homestead,25.5,-80.477,2011,May,01,SAMN03452983,SRR2397053,Machado:Homestead:Florida:North America:May:01:2011:J_15_1
Machado,Drosophila simulans,44,I,North America,USA,Florida,Homestead,25.5,-80.477,2011,May,01,SAMN03452984,SRR2397054,Machado:Homestead:Florida:North America:May:01:2011:J_17_1
Machado,Drosophila simulans,44,I,North America,USA,Florida,Homestead,25.5,-80.477,2011,May,01,SAMN03452985,SRR2397055,Machado:Homestead:Florida:North America:May:01:2011:J_19_1
Machado,Drosophila simulans,44,I,North America,USA,Florida,Homestead,25.5,-80.477,2011,May,01,SAMN03452986,SRR2397056,Machado:Homestead:Florida:North America:May:01:2011:J_21_1
Machado,Drosophila simulans,44,I,North America,USA,Florida,Homestead,25.5,-80.477,2011,May,01,SAMN03452987,SRR2397057,Machado:Homestead:Florida:North America:May:01:2011:J_23_1
Machado,Drosophila simulans,44,I,North America,USA,Florida,Homestead,25.5,-80.477,2011,May,01,SAMN03452988,SRR2397058,Machado:Homestead:Florida:North America:May:01:2011:L_1_1
Machado,Drosophila simulans,44,I,North America,USA,Florida,Homestead,25.5,-80.477,2011,May,01,SAMN03452989,SRR2397059,Machado:Homestead:Florida:North America:May:01:2011:L_3_1
Machado,Drosophila simulans,44,I,North America,USA,Florida,Homestead,25.5,-80.477,2011,May,01,SAMN03452990,SRR2397060,Machado:Homestead:Florida:North America:May:01:2011:L_5_1
Machado,Drosophila simulans,44,I,North America,USA,Florida,Homestead,25.5,-80.477,2011,May,01,SAMN03452991,SRR2397061,Machado:Homestead:Florida:North America:May:01:2011:L_7_1
Machado,Drosophila simulans,44,I,North America,USA,Florida,Homestead,25.5,-80.477,2011,May,01,SAMN03452992,SRR2397062,Machado:Homestead:Florida:North America:May:01:2011:L_9_1
Machado,Drosophila simulans,44,I,North America,USA,Florida,Homestead,25.5,-80.477,2011,May,01,SAMN03452993,SRR2397063,Machado:Homestead:Florida:North America:May:01:2011:L_11_1
Machado,Drosophila simulans,44,I,North America,USA,Florida,Homestead,25.5,-80.477,2011,May,01,SAMN03452994,SRR2397064,Machado:Homestead:Florida:North America:May:01:2011:L_13_1
Machado,Drosophila simulans,44,I,North America,USA,Florida,Homestead,25.5,-80.477,2011,May,01,SAMN03452995,SRR2397065,Machado:Homestead:Florida:North America:May:01:2011:L_15_1
Machado,Drosophila simulans,44,I,North America,USA,Florida,Homestead,25.5,-80.477,2011,May,01,SAMN03452996,SRR2397066,Machado:Homestead:Florida:North America:May:01:2011:L_17_1
Machado,Drosophila simulans,44,I,North America,USA,Florida,Homestead,25.5,-80.477,2011,May,01,SAMN03452997,SRR2397067,Machado:Homestead:Florida:North America:May:01:2011:L_19_1
Machado,Drosophila simulans,44,I,North America,USA,Florida,Homestead,25.5,-80.477,2011,May,01,SAMN03452998,SRR2397068,Machado:Homestead:Florida:North America:May:01:2011:L_21_1
Machado,Drosophila simulans,44,I,North America,USA,Florida,Homestead,25.5,-80.477,2011,May,01,SAMN03452999,SRR2397069,Machado:Homestead:Florida:North America:May:01:2011:L_23_1
Machado,Drosophila simulans,44,I,North America,USA,Florida,Homestead,25.5,-80.477,2011,May,01,SAMN03453000,SRR2397070,Machado:Homestead:Florida:North America:May:01:2011:N_1_1
Machado,Drosophila simulans,44,I,North America,USA,Florida,Homestead,25.5,-80.477,2011,May,01,SAMN03453001,SRR2397071,Machado:Homestead:Florida:North America:May:01:2011:N_3_1
Machado,Drosophila simulans,44,I,North America,USA,Florida,Homestead,25.5,-80.477,2011,May,01,SAMN03453002,SRR2397072,Machado:Homestead:Florida:North America:May:01:2011:N_7_1
Machado,Drosophila simulans,44,I,North America,USA,Florida,Homestead,25.5,-80.477,2011,May,01,SAMN03453004,SRR2397074,Machado:Homestead:Florida:North America:May:01:2011:N_11_1
Machado,Drosophila simulans,44,I,North America,USA,Florida,Homestead,25.5,-80.477,2011,May,01,SAMN03453005,SRR2397075,Machado:Homestead:Florida:North America:May:01:2011:N_13_1
Machado,Drosophila simulans,44,I,North America,USA,Florida,Homestead,25.5,-80.477,2011,May,01,SAMN03453006,SRR2397076,Machado:Homestead:Florida:North America:May:01:2011:N_15_1
Machado,Drosophila simulans,44,I,North America,USA,Florida,Homestead,25.5,-80.477,2011,May,01,SAMN03453007,SRR2397077,Machado:Homestead:Florida:North America:May:01:2011:N_17_1
Machado,Drosophila simulans,44,I,North America,USA,Florida,Homestead,25.5,-80.477,2011,May,01,SAMN03453008,SRR2397078,Machado:Homestead:Florida:North America:May:01:2011:N_19_1
Machado,Drosophila simulans,44,I,North America,USA,Florida,Homestead,25.5,-80.477,2011,May,01,SAMN03453009,SRR2397079,Machado:Homestead:Florida:North America:May:01:2011:N_21_1
Machado,Drosophila simulans,44,I,North America,USA,Florida,Homestead,25.5,-80.477,2011,May,01,SAMN03453010,SRR2397080,Machado:Homestead:Florida:North America:May:01:2011:N_23_1
Machado,Drosophila simulans,44,I,North America,USA,Florida,Homestead,25.5,-80.477,2011,May,01,SAMN03453011,SRR2397081,Machado:Homestead:Florida:North America:May:01:2011:P_1_1
Machado,Drosophila simulans,44,I,North America,USA,Florida,Homestead,25.5,-80.477,2011,May,01,SAMN03453012,SRR2397082,Machado:Homestead:Florida:North America:May:01:2011:P_3_1
Machado,Drosophila simulans,44,I,North America,USA,Florida,Homestead,25.5,-80.477,2011,May,01,SAMN03453013,SRR2397083,Machado:Homestead:Florida:North America:May:01:2011:P_5_1
Machado,Drosophila simulans,44,I,North America,USA,Florida,Homestead,25.5,-80.477,2011,May,01,SAMN03453014,SRR2397084,Machado:Homestead:Florida:North America:May:01:2011:P_7_1
Machado,Drosophila simulans,44,I,North America,USA,Florida,Homestead,25.5,-80.477,2011,May,01,SAMN03453015,SRR2397085,Machado:Homestead:Florida:North America:May:01:2011:P_9_1
Machado,Drosophila simulans,44,I,North America,USA,Florida,Homestead,25.5,-80.477,2011,May,01,SAMN03453016,SRR2397086,Machado:Homestead:Florida:North America:May:01:2011:P_11_1
Machado,Drosophila simulans,65,P,North America,USA,Pennsylania,Linvilla,39.88,-75.41,2010,Jul,01,SAMN03453017,SRR2397087,Machado:Linvilla:Pennsylania:North America:Jul:01:2010:ECsimPA7_2010 pool of 65 individuals
Machado,Drosophila simulans,50,P,North America,USA,Pennsylania,Linvilla,39.88,-75.41,2010,Sep,01,SAMN03453018,SRR2397088,Machado:Linvilla:Pennsylania:North America:Sep:01:2010:ECsimPA9_2010 pool of 50 individuals
Machado,Drosophila simulans,50,I,North America,USA,Virginia,Charlottesville,38,-78.47,2010,Sep,01,SAMN03452970,SRR2397040,Machado:Charlottesville:Virginia:North America:Sep:01:2010:I_21_1
Machado,Drosophila simulans,44,I,North America,USA,Pennsylvania,Linvilla,39.88,-75.41,2011,Aug,01,SAMN03452912,SRR2859308,Machado:Linvilla:Pennsylvania:North America:Aug:01:2011:M_19_1
Machado,Drosophila simulans,44,I,North America,USA,Florida,Homestead,25.5,-80.477,2011,May,01,SAMN03452983,SRR2859255,Machado:Homestead:Florida:North America:May:01:2011:J_15_1
Machado,Drosophila simulans,50,I,North America,USA,Pennsylvania,Linvilla,39.88,-75.41,2011,Sep,01,SAMN03452843,SRR2859127,Machado:Linvilla:Pennsylvania:North America:Sep:01:2011:C_10_1
Machado,Drosophila simulans,50,I,North America,USA,Pennsylvania,Linvilla,39.88,-75.41,2011,Sep,01,SAMN03452874,SRR2396944,Machado:Linvilla:Pennsylvania:North America:Sep:01:2011:G_24_1
Machado,Drosophila simulans,44,I,North America,USA,Florida,Homestead,25.5,-80.477,2011,May,01,SAMN03453003,SRR2397073,Machado:Homestead:Florida:North America:May:01:2011:N_9_1
Machado,Drosophila simulans,41,I,North America,USA,Pennsylvania,Linvilla,39.88,-75.41,2011,Nov,01,SAMN03452803,SRR2396873,Machado:Linvilla:Pennsylvania:North America:Nov:01:2011:K_14_1
Machado,Drosophila simulans,41,I,North America,USA,Pennsylvania,Linvilla,39.88,-75.41,2011,Nov,01,SAMN03452819,SRR2396889,Machado:Linvilla:Pennsylvania:North America:Nov:01:2011:M_8_1
Machado,Drosophila simulans,50,I,North America,USA,Pennsylvania,Linvilla,39.88,-75.41,2011,Sep,01,SAMN03452859,SRR2859169,Machado:Linvilla:Pennsylvania:North America:Sep:01:2011:E_18_1
Machado,Drosophila simulans,50,I,North America,USA,Pennsylvania,Linvilla,39.88,-75.41,2011,Sep,01,SAMN03452868,SRR2859196,Machado:Linvilla:Pennsylvania:North America:Sep:01:2011:G_12_1
Machado,Drosophila simulans,38,I,North America,USA,Maine,Bowdoin,44,-69.96,2011,Oct,01,SAMN03452780,SRR2859186,Machado:Bowdoin:Maine:North America:Oct:01:2011:F_19_1
Machado,Drosophila simulans,41,I,North America,USA,Pennsylvania,Linvilla,39.88,-75.41,2011,Nov,01,SAMN03452808,SRR2859340,Machado:Linvilla:Pennsylvania:North America:Nov:01:2011:O_2_1
Machado,Drosophila simulans,44,I,North America,USA,Pennsylvania,Linvilla,39.88,-75.41,2011,Aug,01,SAMN03452909,SRR2396979,Machado:Linvilla:Pennsylvania:North America:Aug:01:2011:M_13_1
Machado,Drosophila simulans,50,I,North America,USA,Pennsylvania,Linvilla,39.88,-75.41,2011,Sep,01,SAMN03452845,SRR2859131,Machado:Linvilla:Pennsylvania:North America:Sep:01:2011:C_14_1
Machado,Drosophila simulans,38,I,North America,USA,Maine,Bowdoin,44,-69.96,2011,Oct,01,SAMN03452761,SRR2396831,Machado:Bowdoin:Maine:North America:Oct:01:2011:D_1_1
Machado,Drosophila simulans,50,I,North America,USA,Virginia,Charlottesville,38,-78.47,2010,Sep,01,SAMN03452938,SRR2859176,Machado:Charlottesville:Virginia:North America:Sep:01:2010:E_3_1
