Run,Assay Type,AvgSpotLen,Bases,BioProject,BioSample,BioSampleModel,Bytes,Center Name,Consent,DATASTORE filetype,DATASTORE provider,DATASTORE region,dev_stage,Ecotype,Experiment,Instrument,Library Name,LibraryLayout,LibrarySelection,LibrarySource,Organism,Platform,ReleaseDate,Sample Name,sex,SRA Study,tissue,sample_type
SRR6714726,WGS,302,11725131578,PRJNA433834,SAMN08518554,Model organism or animal,5054219846,EDWARD VIA COLLEGE OF OSTEOPATHIC MEDICINE,public,"fastq,sra","gs,ncbi,s3","s3.us-east-1,ncbi.public,gs.US",adult,"north-facing slope of Evolution Canyon\, Israel",SRX3688178,Illumina HiSeq 2500,NFS68,PAIRED,RANDOM,GENOMIC,Drosophila simulans,ILLUMINA,2019-03-01T00:00:00Z,NFS68,female,SRP132777,whole body,
SRR6714727,WGS,302,10709250690,PRJNA433834,SAMN08518558,Model organism or animal,4631654164,EDWARD VIA COLLEGE OF OSTEOPATHIC MEDICINE,public,"fastq,sra","s3,ncbi,gs","s3.us-east-1,ncbi.public,gs.US",adult,"south-facing slope of Evolution Canyon\, Israel",SRX3688177,Illumina HiSeq 2500,SFS16,PAIRED,RANDOM,GENOMIC,Drosophila simulans,ILLUMINA,2019-03-01T00:00:00Z,SFS16,female,SRP132777,whole body,
SRR6714728,WGS,302,11299139136,PRJNA433834,SAMN08518550,Model organism or animal,4916831927,EDWARD VIA COLLEGE OF OSTEOPATHIC MEDICINE,public,"sra,fastq","ncbi,s3,gs","gs.US,s3.us-east-1,ncbi.public",adult,"north-facing slope of Evolution Canyon\, Israel",SRX3688176,Illumina HiSeq 2500,NFS61,PAIRED,RANDOM,GENOMIC,Drosophila simulans,ILLUMINA,2019-03-01T00:00:00Z,NFS61,female,SRP132777,whole body,
SRR6714729,WGS,302,11531980834,PRJNA433834,SAMN08518551,Model organism or animal,5038968384,EDWARD VIA COLLEGE OF OSTEOPATHIC MEDICINE,public,"fastq,sra","ncbi,s3,gs","gs.US,ncbi.public,s3.us-east-1",adult,"north-facing slope of Evolution Canyon\, Israel",SRX3688175,Illumina HiSeq 2500,NFS63,PAIRED,RANDOM,GENOMIC,Drosophila simulans,ILLUMINA,2019-03-01T00:00:00Z,NFS63,female,SRP132777,whole body,
SRR6714730,WGS,302,11513496018,PRJNA433834,SAMN08518552,Model organism or animal,5037540002,EDWARD VIA COLLEGE OF OSTEOPATHIC MEDICINE,public,"sra,fastq","gs,s3,ncbi","gs.US,s3.us-east-1,ncbi.public",adult,"north-facing slope of Evolution Canyon\, Israel",SRX3688174,Illumina HiSeq 2500,NFS64,PAIRED,RANDOM,GENOMIC,Drosophila simulans,ILLUMINA,2019-03-01T00:00:00Z,NFS64,female,SRP132777,whole body,
SRR6714731,WGS,302,12606967954,PRJNA433834,SAMN08518553,Model organism or animal,5538205788,EDWARD VIA COLLEGE OF OSTEOPATHIC MEDICINE,public,"fastq,sra","ncbi,gs,s3","gs.US,s3.us-east-1,ncbi.public",adult,"north-facing slope of Evolution Canyon\, Israel",SRX3688173,Illumina HiSeq 2500,NFS65,PAIRED,RANDOM,GENOMIC,Drosophila simulans,ILLUMINA,2019-03-01T00:00:00Z,NFS65,female,SRP132777,whole body,
SRR6714732,WGS,302,10914739946,PRJNA433834,SAMN08518341,Model organism or animal,4695480810,EDWARD VIA COLLEGE OF OSTEOPATHIC MEDICINE,public,"sra,fastq","s3,gs,ncbi","gs.US,s3.us-east-1,ncbi.public",adult,"north-facing slope of Evolution Canyon\, Israel",SRX3688172,Illumina HiSeq 2500,NFS51,PAIRED,RANDOM,GENOMIC,Drosophila simulans,ILLUMINA,2019-03-01T00:00:00Z,NFS51,female,SRP132777,whole body,pooled DNA
SRR6714733,WGS,302,12765102100,PRJNA433834,SAMN08518514,Model organism or animal,5578911954,EDWARD VIA COLLEGE OF OSTEOPATHIC MEDICINE,public,"fastq,sra","ncbi,gs,s3","s3.us-east-1,gs.US,ncbi.public",adult,"north-facing slope of Evolution Canyon\, Israel",SRX3688171,Illumina HiSeq 2500,NFS55,PAIRED,RANDOM,GENOMIC,Drosophila simulans,ILLUMINA,2019-03-01T00:00:00Z,NFS55,female,SRP132777,whole body,
SRR6714734,WGS,302,10631748128,PRJNA433834,SAMN08518547,Model organism or animal,4619118618,EDWARD VIA COLLEGE OF OSTEOPATHIC MEDICINE,public,"fastq,sra","ncbi,gs,s3","s3.us-east-1,ncbi.public,gs.US",adult,"north-facing slope of Evolution Canyon\, Israel",SRX3688170,Illumina HiSeq 2500,NFS56,PAIRED,RANDOM,GENOMIC,Drosophila simulans,ILLUMINA,2019-03-01T00:00:00Z,NFS56,female,SRP132777,whole body,
SRR6714735,WGS,302,11901222946,PRJNA433834,SAMN08518549,Model organism or animal,5245913018,EDWARD VIA COLLEGE OF OSTEOPATHIC MEDICINE,public,"fastq,sra","gs,ncbi,s3","ncbi.public,s3.us-east-1,gs.US",adult,"north-facing slope of Evolution Canyon\, Israel",SRX3688169,Illumina HiSeq 2500,NFS58,PAIRED,RANDOM,GENOMIC,Drosophila simulans,ILLUMINA,2019-03-01T00:00:00Z,NFS58,female,SRP132777,whole body,
SRR6714736,WGS,302,13944390356,PRJNA433834,SAMN08518557,Model organism or animal,6063568263,EDWARD VIA COLLEGE OF OSTEOPATHIC MEDICINE,public,"fastq,sra","ncbi,s3,gs","s3.us-east-1,gs.US,ncbi.public",adult,"south-facing slope of Evolution Canyon\, Israel",SRX3688168,Illumina HiSeq 2500,SFS36,PAIRED,RANDOM,GENOMIC,Drosophila simulans,ILLUMINA,2019-03-01T00:00:00Z,SFS36,female,SRP132777,whole body,
SRR6714737,WGS,302,12020585124,PRJNA433834,SAMN08518559,Model organism or animal,5180138205,EDWARD VIA COLLEGE OF OSTEOPATHIC MEDICINE,public,"sra,fastq","ncbi,gs,s3","ncbi.public,gs.US,s3.us-east-1",adult,"south-facing slope of Evolution Canyon\, Israel",SRX3688167,Illumina HiSeq 2500,SFS38,PAIRED,RANDOM,GENOMIC,Drosophila simulans,ILLUMINA,2019-03-01T00:00:00Z,SFS38,female,SRP132777,whole body,
SRR6714738,WGS,302,11971452744,PRJNA433834,SAMN08518570,Model organism or animal,5225955184,EDWARD VIA COLLEGE OF OSTEOPATHIC MEDICINE,public,"sra,fastq","s3,gs,ncbi","gs.US,ncbi.public,s3.us-east-1",adult,"south-facing slope of Evolution Canyon\, Israel",SRX3688166,Illumina HiSeq 2500,SFS39,PAIRED,RANDOM,GENOMIC,Drosophila simulans,ILLUMINA,2019-03-01T00:00:00Z,SFS39,female,SRP132777,whole body,
SRR6714739,WGS,302,12121252596,PRJNA433834,SAMN08518571,Model organism or animal,5213261429,EDWARD VIA COLLEGE OF OSTEOPATHIC MEDICINE,public,"fastq,sra","gs,s3,ncbi","s3.us-east-1,ncbi.public,gs.US",adult,"south-facing slope of Evolution Canyon\, Israel",SRX3688165,Illumina HiSeq 2500,SFS59,PAIRED,RANDOM,GENOMIC,Drosophila simulans,ILLUMINA,2019-03-01T00:00:00Z,SFS59,female,SRP132777,whole body,
SRR6714740,WGS,302,12609580254,PRJNA433834,SAMN08518573,Model organism or animal,5448529540,EDWARD VIA COLLEGE OF OSTEOPATHIC MEDICINE,public,"fastq,sra","s3,gs,ncbi","s3.us-east-1,ncbi.public,gs.US",adult,"south-facing slope of Evolution Canyon\, Israel",SRX3688164,Illumina HiSeq 2500,SFS62,PAIRED,RANDOM,GENOMIC,Drosophila simulans,ILLUMINA,2019-03-01T00:00:00Z,SFS62,female,SRP132777,whole body,
SRR6714741,WGS,302,11190619060,PRJNA433834,SAMN08518572,Model organism or animal,4821179147,EDWARD VIA COLLEGE OF OSTEOPATHIC MEDICINE,public,"fastq,sra","s3,ncbi,gs","ncbi.public,gs.US,s3.us-east-1",adult,"south-facing slope of Evolution Canyon\, Israel",SRX3688163,Illumina HiSeq 2500,SFS65,PAIRED,RANDOM,GENOMIC,Drosophila simulans,ILLUMINA,2019-03-01T00:00:00Z,SFS65,female,SRP132777,whole body,
SRR6714742,WGS,302,11814670048,PRJNA433834,SAMN08518574,Model organism or animal,5104956427,EDWARD VIA COLLEGE OF OSTEOPATHIC MEDICINE,public,"sra,fastq","ncbi,s3,gs","s3.us-east-1,ncbi.public,gs.US",adult,"south-facing slope of Evolution Canyon\, Israel",SRX3688162,Illumina HiSeq 2500,SFS69,PAIRED,RANDOM,GENOMIC,Drosophila simulans,ILLUMINA,2019-03-01T00:00:00Z,SFS69,female,SRP132777,whole body,
SRR6714743,WGS,302,12421387142,PRJNA433834,SAMN08518595,Model organism or animal,5380219378,EDWARD VIA COLLEGE OF OSTEOPATHIC MEDICINE,public,"sra,fastq","gs,s3,ncbi","ncbi.public,s3.us-east-1,gs.US",adult,"south-facing slope of Evolution Canyon\, Israel",SRX3688161,Illumina HiSeq 2500,SFS70,PAIRED,RANDOM,GENOMIC,Drosophila simulans,ILLUMINA,2019-03-01T00:00:00Z,SFS70,female,SRP132777,whole body,
